-- D1 seed: 0006_seed_cocktails.sql
-- Auto-generated by generate_seed.py — do not edit by hand.
-- Uses INSERT OR REPLACE so re-runs are idempotent.

-- ── Ingredients ────────────────────────────────────────────────────────────
INSERT OR REPLACE INTO ingredients (id, name, category) VALUES ('cd184465-3d0c-5626-89d2-5793b9dfb25b', 'Absinthe', 'Other');
INSERT OR REPLACE INTO ingredients (id, name, category) VALUES ('d3fb0f07-1cee-592c-b06a-4bf98155ae2b', 'Agave Syrup', 'Tequila');
INSERT OR REPLACE INTO ingredients (id, name, category) VALUES ('cb2d4e8c-a8c8-5362-9146-9be1a42d9835', 'Aged Jamaican Rum', 'Rum');
INSERT OR REPLACE INTO ingredients (id, name, category) VALUES ('5941202e-9c47-59ac-aaa2-d6e7fe0b51a8', 'Amaretto', 'Other');
INSERT OR REPLACE INTO ingredients (id, name, category) VALUES ('8387d9db-1a28-5d3d-b0fa-dfa98b00c665', 'Amaro Nonino', 'Whiskey');
INSERT OR REPLACE INTO ingredients (id, name, category) VALUES ('bba62593-cb41-512e-a053-e5ac51a5de26', 'Angostura Bitters', 'Modifier');
INSERT OR REPLACE INTO ingredients (id, name, category) VALUES ('e8469ef4-dc80-53f2-8a60-9e5681833c61', 'Aperol', 'Liqueur');
INSERT OR REPLACE INTO ingredients (id, name, category) VALUES ('098543bf-4783-5e66-9982-a9d80684c257', 'Applejack', 'Brandy');
INSERT OR REPLACE INTO ingredients (id, name, category) VALUES ('73edd5ed-5347-5fa6-869c-eb54e1102d58', 'Averna Amaro', 'Whiskey');
INSERT OR REPLACE INTO ingredients (id, name, category) VALUES ('39903677-d8fd-5e65-9ce4-74df7495c1bc', 'Black Pepper', 'Modifier');
INSERT OR REPLACE INTO ingredients (id, name, category) VALUES ('689fc95d-80e4-5f89-8471-09b7bf17c077', 'Blackberry Liqueur', 'Liqueur');
INSERT OR REPLACE INTO ingredients (id, name, category) VALUES ('a357c78c-ae90-5c2b-a018-cd5b6193a985', 'Blackstrap Rum', 'Rum');
INSERT OR REPLACE INTO ingredients (id, name, category) VALUES ('289f7217-a65e-5687-9532-b0276dd86a4b', 'Blended Scotch', 'Whiskey');
INSERT OR REPLACE INTO ingredients (id, name, category) VALUES ('11e5eb46-b2ca-529e-a97a-edc2f0f78c8d', 'Bourbon', 'Whiskey');
INSERT OR REPLACE INTO ingredients (id, name, category) VALUES ('2b7a505a-6c21-53c9-b6b0-77b313c26803', 'Bourbon or Rye', 'Whiskey');
INSERT OR REPLACE INTO ingredients (id, name, category) VALUES ('db06dca9-338a-58fa-b833-3663a9dac3d8', 'Brown Sugar', 'Modifier');
INSERT OR REPLACE INTO ingredients (id, name, category) VALUES ('50f18424-8c35-5e88-888d-1bf5402cf57e', 'Bénédictine', 'Other');
INSERT OR REPLACE INTO ingredients (id, name, category) VALUES ('c7da5e90-f4d0-56e9-8cde-9473f82558d4', 'Cachaça', 'Rum');
INSERT OR REPLACE INTO ingredients (id, name, category) VALUES ('e4f7bc04-ac20-5808-b17e-a96e1dd0739d', 'Campari', 'Liqueur');
INSERT OR REPLACE INTO ingredients (id, name, category) VALUES ('83590b98-5074-5035-a1d7-409d18740247', 'Cask-strength Bourbon', 'Whiskey');
INSERT OR REPLACE INTO ingredients (id, name, category) VALUES ('c5be27f9-9236-5a27-8eee-4895227c8569', 'Caster Sugar', 'Modifier');
INSERT OR REPLACE INTO ingredients (id, name, category) VALUES ('4bb3d677-9d5c-53df-bde9-f15eecf75c4d', 'Celery Salt', 'Modifier');
INSERT OR REPLACE INTO ingredients (id, name, category) VALUES ('fbff6232-c13c-59bb-b196-8434010e8d1d', 'Champagne', 'Champagne');
INSERT OR REPLACE INTO ingredients (id, name, category) VALUES ('af380b2e-0b20-5221-858a-7945bc23a253', 'Champagne or Prosecco', 'Champagne');
INSERT OR REPLACE INTO ingredients (id, name, category) VALUES ('0c77cc55-1ccd-5989-ab92-d08cf38dcebe', 'Cherry Heering', 'Other');
INSERT OR REPLACE INTO ingredients (id, name, category) VALUES ('9c68a947-ffdc-534a-8e44-76519ad4a286', 'Citrus Vodka', 'Vodka');
INSERT OR REPLACE INTO ingredients (id, name, category) VALUES ('900f91fa-5e31-5c02-9a45-9384f8acbd1d', 'Coconut Cream', 'Mixer');
INSERT OR REPLACE INTO ingredients (id, name, category) VALUES ('b8e510e9-b849-587e-a70d-9cc7a62f5227', 'Cognac', 'Brandy');
INSERT OR REPLACE INTO ingredients (id, name, category) VALUES ('eeceb7d4-a8ba-5ec5-8b1c-f666a05e9fd2', 'Cointreau', 'Liqueur');
INSERT OR REPLACE INTO ingredients (id, name, category) VALUES ('8205d407-6829-501e-95d3-f6a75088ea52', 'Cranberry Juice', 'Mixer');
INSERT OR REPLACE INTO ingredients (id, name, category) VALUES ('673903a3-9f53-55b0-bec7-82dc7c9580d2', 'Crème de Cacao (dark)', 'Liqueur');
INSERT OR REPLACE INTO ingredients (id, name, category) VALUES ('7e59133c-644a-5e26-91fe-4e5fb0536367', 'Crème de Cacao (white)', 'Liqueur');
INSERT OR REPLACE INTO ingredients (id, name, category) VALUES ('25a66fa0-9f2d-5419-9710-3456ed302991', 'Crème de Cassis', 'Liqueur');
INSERT OR REPLACE INTO ingredients (id, name, category) VALUES ('b79d3369-5fdb-5fea-bf8f-0bc390d8a696', 'Crème de Menthe (green)', 'Liqueur');
INSERT OR REPLACE INTO ingredients (id, name, category) VALUES ('c40bdebd-cbc2-5a3d-b8dd-36efdc59e7b1', 'Crème de Menthe (white)', 'Liqueur');
INSERT OR REPLACE INTO ingredients (id, name, category) VALUES ('4aca1bb2-7c74-5631-970b-18f224bf01e2', 'Crème de Mûre', 'Liqueur');
INSERT OR REPLACE INTO ingredients (id, name, category) VALUES ('91b96565-aba7-5758-8dbc-d6841f84a1d8', 'Crème de Violette', 'Liqueur');
INSERT OR REPLACE INTO ingredients (id, name, category) VALUES ('ddd270c5-e4bf-5a3e-93f7-711041a2c176', 'Dark Rum', 'Rum');
INSERT OR REPLACE INTO ingredients (id, name, category) VALUES ('109f9a46-ab64-5ae2-878a-491022f0fb3d', 'Demerara Syrup', 'Modifier');
INSERT OR REPLACE INTO ingredients (id, name, category) VALUES ('c37a3dbd-d3a8-5012-8a37-5d11940ac5a4', 'Drambuie', 'Whiskey');
INSERT OR REPLACE INTO ingredients (id, name, category) VALUES ('d506724b-7190-5a00-b016-81d84bc3b88f', 'Dry Red Wine', 'Other');
INSERT OR REPLACE INTO ingredients (id, name, category) VALUES ('989d64a5-d441-5aa5-950f-b6a7d1863eb6', 'Dry Sherry', 'Other');
INSERT OR REPLACE INTO ingredients (id, name, category) VALUES ('a5867078-08fa-51ff-a958-ac56a9deda36', 'Dry Vermouth', 'Liqueur');
INSERT OR REPLACE INTO ingredients (id, name, category) VALUES ('d539376e-89bf-55f6-aabc-2b6da5bdbc22', 'Egg White', 'Mixer');
INSERT OR REPLACE INTO ingredients (id, name, category) VALUES ('95194f27-3077-5050-b230-e85046d26b74', 'Fernet-Branca', 'Whiskey');
INSERT OR REPLACE INTO ingredients (id, name, category) VALUES ('f7b93b28-67ac-5831-87f8-972eff35430b', 'Fluffy Orange Juice', 'Mixer');
INSERT OR REPLACE INTO ingredients (id, name, category) VALUES ('848ebc1d-076e-57aa-bd90-5a16a7b9922f', 'Fresh Grapefruit Juice', 'Mixer');
INSERT OR REPLACE INTO ingredients (id, name, category) VALUES ('f877e033-041a-50c0-ad2a-71cc06910e2e', 'Fresh Jalapeño', 'Garnish/Fresh');
INSERT OR REPLACE INTO ingredients (id, name, category) VALUES ('c31a3116-c58a-51ad-8cb2-5ad6ee7cddb2', 'Fresh Lemon Juice', 'Mixer');
INSERT OR REPLACE INTO ingredients (id, name, category) VALUES ('188dfd15-b96c-561a-8346-482e3e346e9d', 'Fresh Lime', 'Garnish/Fresh');
INSERT OR REPLACE INTO ingredients (id, name, category) VALUES ('bc42dfcc-dd49-578e-993c-397b4c88ab3c', 'Fresh Lime Juice', 'Mixer');
INSERT OR REPLACE INTO ingredients (id, name, category) VALUES ('612797fa-6093-5e3b-b34f-8a80339878e2', 'Fresh Mint', 'Garnish/Fresh');
INSERT OR REPLACE INTO ingredients (id, name, category) VALUES ('b2fa83cb-248e-56ac-860a-3b1bb07a5559', 'Fresh Orange Juice', 'Mixer');
INSERT OR REPLACE INTO ingredients (id, name, category) VALUES ('c6131181-d1d8-55a1-9905-736d49d4ed20', 'Freshly Brewed Espresso', 'Mixer');
INSERT OR REPLACE INTO ingredients (id, name, category) VALUES ('f5ddf19d-99f0-5767-ae71-510506b84657', 'Galliano', 'Other');
INSERT OR REPLACE INTO ingredients (id, name, category) VALUES ('9dc26094-5a46-5f84-b882-ed4635d6ea9a', 'Gin', 'Gin');
INSERT OR REPLACE INTO ingredients (id, name, category) VALUES ('a60ad94a-87ce-5796-804d-098d0090374c', 'Ginger Beer', 'Mixer');
INSERT OR REPLACE INTO ingredients (id, name, category) VALUES ('4ad9286e-9b25-5d74-8e12-454b879ef517', 'Gosling''s Black Seal Rum', 'Rum');
INSERT OR REPLACE INTO ingredients (id, name, category) VALUES ('e3b64fcc-f0fb-57bf-85ab-4e49aec13656', 'Green Chartreuse', 'Liqueur');
INSERT OR REPLACE INTO ingredients (id, name, category) VALUES ('e3daa50c-30cc-5e45-bafe-0148dcdbc1e7', 'Grenadine', 'Modifier');
INSERT OR REPLACE INTO ingredients (id, name, category) VALUES ('b9d867b9-9c3a-559d-a43f-d1e4f018a0b4', 'Heavy Cream', 'Mixer');
INSERT OR REPLACE INTO ingredients (id, name, category) VALUES ('aad05086-b43b-5d34-af15-6a60c2ba05e7', 'Honey Syrup', 'Modifier');
INSERT OR REPLACE INTO ingredients (id, name, category) VALUES ('9d2d9e74-5cfd-5526-9d3d-90716e11c841', 'Honey-Ginger Syrup', 'Modifier');
INSERT OR REPLACE INTO ingredients (id, name, category) VALUES ('e237ac71-a027-50c8-a6e7-30d8ea3c9774', 'Hot Coffee', 'Mixer');
INSERT OR REPLACE INTO ingredients (id, name, category) VALUES ('789730a3-5c2c-5cea-875f-76f31397c909', 'Hot Sauce', 'Modifier');
INSERT OR REPLACE INTO ingredients (id, name, category) VALUES ('118a4822-5461-5748-b6b2-026c38576fc6', 'Irish Whiskey', 'Whiskey');
INSERT OR REPLACE INTO ingredients (id, name, category) VALUES ('3a6bb9ad-6d72-56a3-8ead-a0ce7d7106b0', 'Islay Scotch Float', 'Whiskey');
INSERT OR REPLACE INTO ingredients (id, name, category) VALUES ('d2ede8df-aedf-5d1f-a761-367ecb077ada', 'Kahlúa', 'Liqueur');
INSERT OR REPLACE INTO ingredients (id, name, category) VALUES ('ab233070-575a-512c-aba1-75fa22f36eab', 'Kosher Salt', 'Modifier');
INSERT OR REPLACE INTO ingredients (id, name, category) VALUES ('abe8fc8c-00cc-5808-a787-c0c7ba410634', 'Lillet Blanc', 'Liqueur');
INSERT OR REPLACE INTO ingredients (id, name, category) VALUES ('169bdb3f-f12d-5a94-9d5f-e5084e604b94', 'Maraschino Liqueur', 'Liqueur');
INSERT OR REPLACE INTO ingredients (id, name, category) VALUES ('90f7c0eb-ce7c-5dd3-b78f-91aa40f4888f', 'Martinique Rhum', 'Other');
INSERT OR REPLACE INTO ingredients (id, name, category) VALUES ('7bf986bc-7184-5af8-9782-0dd80dbca171', 'Mezcal', 'Tequila');
INSERT OR REPLACE INTO ingredients (id, name, category) VALUES ('e4dc4c41-1d17-5363-bc38-1ed4373afc72', 'Mole Bitters', 'Modifier');
INSERT OR REPLACE INTO ingredients (id, name, category) VALUES ('725f6e4f-5568-5a50-a410-691a1c680c92', 'Orange Bitters', 'Modifier');
INSERT OR REPLACE INTO ingredients (id, name, category) VALUES ('9cc38003-9c27-5ad4-83a7-da60d9fd3c41', 'Orange Curaçao', 'Liqueur');
INSERT OR REPLACE INTO ingredients (id, name, category) VALUES ('32be2d3b-6ef6-51cd-92ea-7c40bb0539ec', 'Orange Juice', 'Mixer');
INSERT OR REPLACE INTO ingredients (id, name, category) VALUES ('14de1579-9a9c-53e0-9820-09344e4ab28a', 'Orgeat', 'Modifier');
INSERT OR REPLACE INTO ingredients (id, name, category) VALUES ('6177eabe-3e58-53bc-bde6-56a12b3e4c1f', 'Passionfruit Liqueur', 'Liqueur');
INSERT OR REPLACE INTO ingredients (id, name, category) VALUES ('aa9e72c1-cf31-55e0-826f-2bfebb9c7cc9', 'Passionfruit Purée', 'Modifier');
INSERT OR REPLACE INTO ingredients (id, name, category) VALUES ('c7500baf-f7e9-5391-8202-07371ad3bcf9', 'Passionfruit Syrup', 'Modifier');
INSERT OR REPLACE INTO ingredients (id, name, category) VALUES ('bb000c08-38a2-5bf8-bf40-9b878eb37f12', 'Peach Schnapps', 'Liqueur');
INSERT OR REPLACE INTO ingredients (id, name, category) VALUES ('a0f66a8f-74ad-5ce2-8b9b-5e35f960aa7c', 'Peychaud''s Bitters', 'Modifier');
INSERT OR REPLACE INTO ingredients (id, name, category) VALUES ('7416204b-7c9f-50c9-a7c4-54878199dc4f', 'Pinch of Salt', 'Modifier');
INSERT OR REPLACE INTO ingredients (id, name, category) VALUES ('17eccfc7-9dce-5fa6-b185-7feb47d2c26f', 'Pineapple Juice', 'Mixer');
INSERT OR REPLACE INTO ingredients (id, name, category) VALUES ('36191a26-8872-5c70-8e90-96030f085c81', 'Pisco', 'Brandy');
INSERT OR REPLACE INTO ingredients (id, name, category) VALUES ('c565b135-6d03-5cee-8f80-f573cff49e0b', 'Powdered Sugar', 'Modifier');
INSERT OR REPLACE INTO ingredients (id, name, category) VALUES ('fb24a546-650e-5f3e-9874-fa4b6d55bc3f', 'Prosecco', 'Champagne');
INSERT OR REPLACE INTO ingredients (id, name, category) VALUES ('769133c3-a203-5428-a09e-2d9f8864485b', 'Raspberry Syrup', 'Modifier');
INSERT OR REPLACE INTO ingredients (id, name, category) VALUES ('b6e30591-3705-5d58-8b74-9addb01bba54', 'Reposado Tequila', 'Tequila');
INSERT OR REPLACE INTO ingredients (id, name, category) VALUES ('f4e80cdc-18a7-5350-ba49-dda1c75e8796', 'Rye Whiskey', 'Whiskey');
INSERT OR REPLACE INTO ingredients (id, name, category) VALUES ('88bff132-ce0f-5cde-9f80-8ce1a1717052', 'Scotch Whisky', 'Whiskey');
INSERT OR REPLACE INTO ingredients (id, name, category) VALUES ('3752bef2-388d-5b7d-a256-b65589dc0b75', 'Simple Syrup', 'Modifier');
INSERT OR REPLACE INTO ingredients (id, name, category) VALUES ('2c444272-4c05-5d1e-b200-82b70cf04c1d', 'Smith & Cross Rum', 'Rum');
INSERT OR REPLACE INTO ingredients (id, name, category) VALUES ('18c02f8a-6144-58ee-9014-07524d996ca5', 'Soda Water', 'Mixer');
INSERT OR REPLACE INTO ingredients (id, name, category) VALUES ('a4ae94d2-65eb-54a0-a9b4-d961ebbb3a5a', 'St-Germain Elderflower Liqueur', 'Liqueur');
INSERT OR REPLACE INTO ingredients (id, name, category) VALUES ('fed41e42-1957-5817-b0ba-2082a275562f', 'Sweet Vermouth', 'Liqueur');
INSERT OR REPLACE INTO ingredients (id, name, category) VALUES ('733ad984-45ab-59b2-8bf3-c6ba1f05b6c7', 'Tequila Blanco', 'Tequila');
INSERT OR REPLACE INTO ingredients (id, name, category) VALUES ('d67be4f9-fd34-5c3c-9d2e-f9984de5a978', 'Tequila Reposado', 'Tequila');
INSERT OR REPLACE INTO ingredients (id, name, category) VALUES ('a6b823a3-ff54-55e6-bb35-da263faf4aa2', 'Tomato Juice', 'Mixer');
INSERT OR REPLACE INTO ingredients (id, name, category) VALUES ('7760f817-5f11-5858-9aa8-fee1bba95876', 'Vanilla Vodka', 'Vodka');
INSERT OR REPLACE INTO ingredients (id, name, category) VALUES ('45002be9-775d-5ef9-bcc3-015796849e94', 'Vodka', 'Vodka');
INSERT OR REPLACE INTO ingredients (id, name, category) VALUES ('aa4bddc6-9ea4-5ae8-980d-1dd9ad556ca3', 'White Peach Purée', 'Modifier');
INSERT OR REPLACE INTO ingredients (id, name, category) VALUES ('8ccdb459-b14f-5622-8fc1-c1a69239c7f4', 'White Rum', 'Rum');
INSERT OR REPLACE INTO ingredients (id, name, category) VALUES ('c0e595fd-8355-584c-9810-49db6c99e679', 'Worcestershire Sauce', 'Modifier');
INSERT OR REPLACE INTO ingredients (id, name, category) VALUES ('b6fb317b-1b22-5392-8c58-4482da238b0b', 'Yellow Chartreuse', 'Liqueur');

-- ── Tags ────────────────────────────────────────────────────────────────────
INSERT OR IGNORE INTO tags (id, name) VALUES ('86efbea8-98b3-5164-8ebb-78c0cb4ce109', 'after-dinner');
INSERT OR IGNORE INTO tags (id, name) VALUES ('094e17c2-bded-5bdb-9390-bdeba377edd1', 'amaro');
INSERT OR IGNORE INTO tags (id, name) VALUES ('fe57607f-2a4c-53c6-bc85-9e5c67d45046', 'aperitivo');
INSERT OR IGNORE INTO tags (id, name) VALUES ('78d1fea8-4069-5674-b588-69eb326129e3', 'bitter');
INSERT OR IGNORE INTO tags (id, name) VALUES ('a9f590a6-2813-5917-8e90-e6f40643714f', 'brazilian');
INSERT OR IGNORE INTO tags (id, name) VALUES ('c27894e9-a3d0-5828-8dc9-53d2b62ae3cd', 'british');
INSERT OR IGNORE INTO tags (id, name) VALUES ('364c4db9-ad28-5b42-98f9-82b4af8bd4bb', 'brunch');
INSERT OR IGNORE INTO tags (id, name) VALUES ('75790cb2-495a-579d-afb7-473a02d2d77f', 'celebration');
INSERT OR IGNORE INTO tags (id, name) VALUES ('a3119315-1c87-5a8f-8ebc-fd0dfeac0b19', 'citrus');
INSERT OR IGNORE INTO tags (id, name) VALUES ('b79aca0e-e377-5dbe-86a3-5d0df24e7cf7', 'classic');
INSERT OR IGNORE INTO tags (id, name) VALUES ('9b3261e7-2cce-516e-aded-6920a31976a7', 'coffee');
INSERT OR IGNORE INTO tags (id, name) VALUES ('54016b37-b086-5a07-b3c9-4f768d6da3ca', 'creamy');
INSERT OR IGNORE INTO tags (id, name) VALUES ('1b69729a-73c4-59b6-875d-c87526d14251', 'derby');
INSERT OR IGNORE INTO tags (id, name) VALUES ('436f739b-e43f-586b-8fbc-fdcaf4d8c068', 'easy');
INSERT OR IGNORE INTO tags (id, name) VALUES ('8812c607-0b9a-5e2d-8d5b-04fbb9d82768', 'elegant');
INSERT OR IGNORE INTO tags (id, name) VALUES ('4aab48b3-237d-56b8-999a-15d81402802a', 'equal-parts');
INSERT OR IGNORE INTO tags (id, name) VALUES ('b174044b-6b32-5b14-bc11-15f10ebe7cda', 'floral');
INSERT OR IGNORE INTO tags (id, name) VALUES ('ce47ea2d-1943-5b22-8431-72755f8f1a3b', 'frozen');
INSERT OR IGNORE INTO tags (id, name) VALUES ('0ed1ac04-412f-555b-bf14-8b0fffa45f1c', 'fruity');
INSERT OR IGNORE INTO tags (id, name) VALUES ('6f583b70-4a3f-5ce6-a216-16008986a58d', 'ginger');
INSERT OR IGNORE INTO tags (id, name) VALUES ('17c2ec76-f81f-5f3f-8b3f-f1dff618e885', 'herbal');
INSERT OR IGNORE INTO tags (id, name) VALUES ('1bd0a136-e76e-5514-ac09-551b38b940f4', 'hot');
INSERT OR IGNORE INTO tags (id, name) VALUES ('0d178cf0-2d3b-530c-a052-65ae1b41ff20', 'long');
INSERT OR IGNORE INTO tags (id, name) VALUES ('2700f3d2-4979-5974-9bab-fac6c0641119', 'low-abv');
INSERT OR IGNORE INTO tags (id, name) VALUES ('5c0ae2bd-d032-58f8-b5c9-ea09c5780e51', 'minimal');
INSERT OR IGNORE INTO tags (id, name) VALUES ('b7fe3f19-24bc-53fd-a8d0-c78ad80e0776', 'minty');
INSERT OR IGNORE INTO tags (id, name) VALUES ('77b95a71-f14c-59b2-9d4e-39c544314303', 'modern');
INSERT OR IGNORE INTO tags (id, name) VALUES ('5a4cc68c-251f-5ef3-bed5-56d28652b092', 'new-orleans');
INSERT OR IGNORE INTO tags (id, name) VALUES ('16e44a2a-87fe-59c4-8ecc-836bc7e68773', 'nutty');
INSERT OR IGNORE INTO tags (id, name) VALUES ('1082e0b3-4013-5c3f-aa59-bc75026bce30', 'papa');
INSERT OR IGNORE INTO tags (id, name) VALUES ('ad2edbfd-b11c-5564-bd46-2d73fd101aeb', 'prohibition');
INSERT OR IGNORE INTO tags (id, name) VALUES ('27eb034b-cc33-5d75-a153-3e42bc65d4ec', 'refreshing');
INSERT OR IGNORE INTO tags (id, name) VALUES ('b2b861e2-ecda-54ba-a806-73f8608ec0ca', 'retro');
INSERT OR IGNORE INTO tags (id, name) VALUES ('3e47ade1-1c5a-5e30-8be1-8b9c1a3781ab', 'savory');
INSERT OR IGNORE INTO tags (id, name) VALUES ('c1c842fb-ea5d-5c40-ac6e-e2754b1d15f3', 'scotch');
INSERT OR IGNORE INTO tags (id, name) VALUES ('4af87cdb-016c-5fee-8c16-603626a265b2', 'sherry');
INSERT OR IGNORE INTO tags (id, name) VALUES ('b33f34a8-983e-5781-aa25-c131a794f7c5', 'simple');
INSERT OR IGNORE INTO tags (id, name) VALUES ('753401e9-8fba-5501-83f9-bd7bbee27aa7', 'smoky');
INSERT OR IGNORE INTO tags (id, name) VALUES ('719b2ddb-6259-5f3e-bd75-e5b6104c9787', 'sour');
INSERT OR IGNORE INTO tags (id, name) VALUES ('1854ab96-1d10-5c37-8441-fde64c590c57', 'south-american');
INSERT OR IGNORE INTO tags (id, name) VALUES ('e5f9cf1e-0cf3-58c6-9b83-f7b8e5309857', 'sparkling');
INSERT OR IGNORE INTO tags (id, name) VALUES ('21cb4c6a-de36-5d58-a5e5-b8f73c3e9298', 'spicy');
INSERT OR IGNORE INTO tags (id, name) VALUES ('2596f00d-9f14-558d-9a92-d11ef7ec98bb', 'spirit-forward');
INSERT OR IGNORE INTO tags (id, name) VALUES ('7a1e7307-3401-5a9b-8c8f-4dc801f9472a', 'stirred');
INSERT OR IGNORE INTO tags (id, name) VALUES ('bbc90fce-dc89-524c-a7fd-38a7a21e7929', 'summer');
INSERT OR IGNORE INTO tags (id, name) VALUES ('a335a450-b69b-5a49-81da-faba777071b8', 'sweet');
INSERT OR IGNORE INTO tags (id, name) VALUES ('4280150a-0837-5474-831c-196a4898e23c', 'tiki');
INSERT OR IGNORE INTO tags (id, name) VALUES ('77905085-39ca-5b6f-af02-49581352decf', 'tropical');
INSERT OR IGNORE INTO tags (id, name) VALUES ('d357a248-3f2a-5237-9757-4d9b71b77fd9', 'vegan');
INSERT OR IGNORE INTO tags (id, name) VALUES ('597af108-c351-5680-8b9f-8088c8b7f519', 'visual');

-- ── Cocktails ───────────────────────────────────────────────────────────────
INSERT OR REPLACE INTO cocktails (id, name, slug, description, method, garnish, glassware,  category, img, color, abv, time_to_make, vegan, gluten_free, steps_json) VALUES ('11007', 'Margarita', 'margarita', NULL, 'Rim chilled coupe with salt (half rim only).', NULL, 'Coupe', 'Tequila', 'https://www.thecocktaildb.com/images/media/drink/5noda61589575158.jpg', '#D4E8A8', '22%', '2 min', 1, 1, '["Rim chilled coupe with salt (half rim only).", "Combine all liquids in shaker with ice.", "Shake hard 12 seconds until well-chilled.", "Double-strain into prepared coupe.", "Garnish with a lime wheel."]');
INSERT OR REPLACE INTO cocktail_ingredients (cocktail_id, ingredient_id, amount, quantity, unit) VALUES ('11007', '733ad984-45ab-59b2-8bf3-c6ba1f05b6c7', '2 oz', NULL, NULL);
INSERT OR REPLACE INTO cocktail_ingredients (cocktail_id, ingredient_id, amount, quantity, unit) VALUES ('11007', 'bc42dfcc-dd49-578e-993c-397b4c88ab3c', '1 oz', NULL, NULL);
INSERT OR REPLACE INTO cocktail_ingredients (cocktail_id, ingredient_id, amount, quantity, unit) VALUES ('11007', 'eeceb7d4-a8ba-5ec5-8b1c-f666a05e9fd2', '0.75 oz', NULL, NULL);
INSERT OR REPLACE INTO cocktail_ingredients (cocktail_id, ingredient_id, amount, quantity, unit) VALUES ('11007', 'd3fb0f07-1cee-592c-b06a-4bf98155ae2b', '0.25 oz', NULL, NULL);
INSERT OR REPLACE INTO cocktail_ingredients (cocktail_id, ingredient_id, amount, quantity, unit) VALUES ('11007', 'ab233070-575a-512c-aba1-75fa22f36eab', 'rim', NULL, NULL);
INSERT OR IGNORE INTO cocktail_tags (cocktail_id, tag_id) VALUES ('11007', 'b79aca0e-e377-5dbe-86a3-5d0df24e7cf7');
INSERT OR IGNORE INTO cocktail_tags (cocktail_id, tag_id) VALUES ('11007', 'a3119315-1c87-5a8f-8ebc-fd0dfeac0b19');
INSERT OR IGNORE INTO cocktail_tags (cocktail_id, tag_id) VALUES ('11007', 'bbc90fce-dc89-524c-a7fd-38a7a21e7929');

INSERT OR REPLACE INTO cocktails (id, name, slug, description, method, garnish, glassware,  category, img, color, abv, time_to_make, vegan, gluten_free, steps_json) VALUES ('11008', 'Tommy''s Margarita', 'tommy-s-margarita', NULL, 'Combine all in shaker with ice.', NULL, 'Rocks', 'Tequila', 'https://www.thecocktaildb.com/images/media/drink/loezxn1504373874.jpg', '#D4E8A8', '18%', '2 min', 1, 1, '["Combine all in shaker with ice.", "Shake hard 12 seconds.", "Strain over fresh ice in a rocks glass.", "Garnish with a lime wheel."]');
INSERT OR REPLACE INTO cocktail_ingredients (cocktail_id, ingredient_id, amount, quantity, unit) VALUES ('11008', '733ad984-45ab-59b2-8bf3-c6ba1f05b6c7', '2 oz', NULL, NULL);
INSERT OR REPLACE INTO cocktail_ingredients (cocktail_id, ingredient_id, amount, quantity, unit) VALUES ('11008', 'bc42dfcc-dd49-578e-993c-397b4c88ab3c', '1 oz', NULL, NULL);
INSERT OR REPLACE INTO cocktail_ingredients (cocktail_id, ingredient_id, amount, quantity, unit) VALUES ('11008', 'd3fb0f07-1cee-592c-b06a-4bf98155ae2b', '0.5 oz', NULL, NULL);
INSERT OR IGNORE INTO cocktail_tags (cocktail_id, tag_id) VALUES ('11008', 'b79aca0e-e377-5dbe-86a3-5d0df24e7cf7');
INSERT OR IGNORE INTO cocktail_tags (cocktail_id, tag_id) VALUES ('11008', 'a3119315-1c87-5a8f-8ebc-fd0dfeac0b19');
INSERT OR IGNORE INTO cocktail_tags (cocktail_id, tag_id) VALUES ('11008', 'd357a248-3f2a-5237-9757-4d9b71b77fd9');

INSERT OR REPLACE INTO cocktails (id, name, slug, description, method, garnish, glassware,  category, img, color, abv, time_to_make, vegan, gluten_free, steps_json) VALUES ('11009', 'Paloma', 'paloma', NULL, 'Salt rim a highball glass (optional).', NULL, 'Highball', 'Tequila', 'https://www.thecocktaildb.com/images/media/drink/samm5j1513706393.jpg', '#FFB347', '12%', '2 min', 1, 1, '["Salt rim a highball glass (optional).", "Build tequila, grapefruit, lime, agave over ice.", "Top with soda water.", "Stir gently. Garnish with grapefruit wedge."]');
INSERT OR REPLACE INTO cocktail_ingredients (cocktail_id, ingredient_id, amount, quantity, unit) VALUES ('11009', '733ad984-45ab-59b2-8bf3-c6ba1f05b6c7', '2 oz', NULL, NULL);
INSERT OR REPLACE INTO cocktail_ingredients (cocktail_id, ingredient_id, amount, quantity, unit) VALUES ('11009', '848ebc1d-076e-57aa-bd90-5a16a7b9922f', '3 oz', NULL, NULL);
INSERT OR REPLACE INTO cocktail_ingredients (cocktail_id, ingredient_id, amount, quantity, unit) VALUES ('11009', 'bc42dfcc-dd49-578e-993c-397b4c88ab3c', '0.5 oz', NULL, NULL);
INSERT OR REPLACE INTO cocktail_ingredients (cocktail_id, ingredient_id, amount, quantity, unit) VALUES ('11009', 'd3fb0f07-1cee-592c-b06a-4bf98155ae2b', '0.5 oz', NULL, NULL);
INSERT OR REPLACE INTO cocktail_ingredients (cocktail_id, ingredient_id, amount, quantity, unit) VALUES ('11009', '7416204b-7c9f-50c9-a7c4-54878199dc4f', 'pinch', NULL, NULL);
INSERT OR REPLACE INTO cocktail_ingredients (cocktail_id, ingredient_id, amount, quantity, unit) VALUES ('11009', '18c02f8a-6144-58ee-9014-07524d996ca5', 'top', NULL, NULL);
INSERT OR IGNORE INTO cocktail_tags (cocktail_id, tag_id) VALUES ('11009', 'b79aca0e-e377-5dbe-86a3-5d0df24e7cf7');
INSERT OR IGNORE INTO cocktail_tags (cocktail_id, tag_id) VALUES ('11009', 'a3119315-1c87-5a8f-8ebc-fd0dfeac0b19');
INSERT OR IGNORE INTO cocktail_tags (cocktail_id, tag_id) VALUES ('11009', '27eb034b-cc33-5d75-a153-3e42bc65d4ec');

INSERT OR REPLACE INTO cocktails (id, name, slug, description, method, garnish, glassware,  category, img, color, abv, time_to_make, vegan, gluten_free, steps_json) VALUES ('11010', 'Jalapeño Margarita', 'jalapeno-margarita', NULL, 'Muddle jalapeño slices in shaker.', NULL, 'Coupe', 'Tequila', 'https://images.unsplash.com/photo-1587596898940-aa2f18fa9d97?w=800&q=80', '#A8D8A8', '22%', '3 min', 1, 1, '["Muddle jalape\u00f1o slices in shaker.", "Add remaining ingredients with ice.", "Shake hard 12 seconds.", "Double-strain into chilled coupe.", "Garnish with a jalape\u00f1o wheel."]');
INSERT OR REPLACE INTO cocktail_ingredients (cocktail_id, ingredient_id, amount, quantity, unit) VALUES ('11010', '733ad984-45ab-59b2-8bf3-c6ba1f05b6c7', '2 oz', NULL, NULL);
INSERT OR REPLACE INTO cocktail_ingredients (cocktail_id, ingredient_id, amount, quantity, unit) VALUES ('11010', 'bc42dfcc-dd49-578e-993c-397b4c88ab3c', '1 oz', NULL, NULL);
INSERT OR REPLACE INTO cocktail_ingredients (cocktail_id, ingredient_id, amount, quantity, unit) VALUES ('11010', 'eeceb7d4-a8ba-5ec5-8b1c-f666a05e9fd2', '0.75 oz', NULL, NULL);
INSERT OR REPLACE INTO cocktail_ingredients (cocktail_id, ingredient_id, amount, quantity, unit) VALUES ('11010', 'd3fb0f07-1cee-592c-b06a-4bf98155ae2b', '0.25 oz', NULL, NULL);
INSERT OR REPLACE INTO cocktail_ingredients (cocktail_id, ingredient_id, amount, quantity, unit) VALUES ('11010', 'f877e033-041a-50c0-ad2a-71cc06910e2e', '2 slices', NULL, NULL);
INSERT OR IGNORE INTO cocktail_tags (cocktail_id, tag_id) VALUES ('11010', '21cb4c6a-de36-5d58-a5e5-b8f73c3e9298');
INSERT OR IGNORE INTO cocktail_tags (cocktail_id, tag_id) VALUES ('11010', 'a3119315-1c87-5a8f-8ebc-fd0dfeac0b19');
INSERT OR IGNORE INTO cocktail_tags (cocktail_id, tag_id) VALUES ('11010', '77b95a71-f14c-59b2-9d4e-39c544314303');

INSERT OR REPLACE INTO cocktails (id, name, slug, description, method, garnish, glassware,  category, img, color, abv, time_to_make, vegan, gluten_free, steps_json) VALUES ('11004', 'Daiquiri', 'daiquiri', NULL, 'Combine all in shaker with ice.', NULL, 'Coupe', 'Rum', 'https://www.thecocktaildb.com/images/media/drink/mrz9091589574515.jpg', '#F5E6CA', '18%', '2 min', 1, 1, '["Combine all in shaker with ice.", "Shake vigorously 12 seconds.", "Double-strain into chilled coupe.", "No garnish \u2014 let the balance speak."]');
INSERT OR REPLACE INTO cocktail_ingredients (cocktail_id, ingredient_id, amount, quantity, unit) VALUES ('11004', '8ccdb459-b14f-5622-8fc1-c1a69239c7f4', '2 oz', NULL, NULL);
INSERT OR REPLACE INTO cocktail_ingredients (cocktail_id, ingredient_id, amount, quantity, unit) VALUES ('11004', 'bc42dfcc-dd49-578e-993c-397b4c88ab3c', '0.75 oz', NULL, NULL);
INSERT OR REPLACE INTO cocktail_ingredients (cocktail_id, ingredient_id, amount, quantity, unit) VALUES ('11004', '3752bef2-388d-5b7d-a256-b65589dc0b75', '0.75 oz', NULL, NULL);
INSERT OR IGNORE INTO cocktail_tags (cocktail_id, tag_id) VALUES ('11004', 'b79aca0e-e377-5dbe-86a3-5d0df24e7cf7');
INSERT OR IGNORE INTO cocktail_tags (cocktail_id, tag_id) VALUES ('11004', 'a3119315-1c87-5a8f-8ebc-fd0dfeac0b19');
INSERT OR IGNORE INTO cocktail_tags (cocktail_id, tag_id) VALUES ('11004', 'b33f34a8-983e-5781-aa25-c131a794f7c5');

INSERT OR REPLACE INTO cocktails (id, name, slug, description, method, garnish, glassware,  category, img, color, abv, time_to_make, vegan, gluten_free, steps_json) VALUES ('11005', 'Mojito', 'mojito', NULL, 'Gently muddle mint with syrup in highball glass.', NULL, 'Highball', 'Rum', 'https://www.thecocktaildb.com/images/media/drink/metwgh1606770327.jpg', '#C8E6C9', '14%', '3 min', 1, 1, '["Gently muddle mint with syrup in highball glass.", "Add lime juice and rum.", "Fill with crushed ice.", "Top with soda water. Stir briefly.", "Garnish with mint sprig."]');
INSERT OR REPLACE INTO cocktail_ingredients (cocktail_id, ingredient_id, amount, quantity, unit) VALUES ('11005', '8ccdb459-b14f-5622-8fc1-c1a69239c7f4', '2 oz', NULL, NULL);
INSERT OR REPLACE INTO cocktail_ingredients (cocktail_id, ingredient_id, amount, quantity, unit) VALUES ('11005', 'bc42dfcc-dd49-578e-993c-397b4c88ab3c', '0.75 oz', NULL, NULL);
INSERT OR REPLACE INTO cocktail_ingredients (cocktail_id, ingredient_id, amount, quantity, unit) VALUES ('11005', '3752bef2-388d-5b7d-a256-b65589dc0b75', '0.75 oz', NULL, NULL);
INSERT OR REPLACE INTO cocktail_ingredients (cocktail_id, ingredient_id, amount, quantity, unit) VALUES ('11005', '612797fa-6093-5e3b-b34f-8a80339878e2', '8 leaves', NULL, NULL);
INSERT OR REPLACE INTO cocktail_ingredients (cocktail_id, ingredient_id, amount, quantity, unit) VALUES ('11005', '18c02f8a-6144-58ee-9014-07524d996ca5', 'top', NULL, NULL);
INSERT OR IGNORE INTO cocktail_tags (cocktail_id, tag_id) VALUES ('11005', 'b79aca0e-e377-5dbe-86a3-5d0df24e7cf7');
INSERT OR IGNORE INTO cocktail_tags (cocktail_id, tag_id) VALUES ('11005', '27eb034b-cc33-5d75-a153-3e42bc65d4ec');
INSERT OR IGNORE INTO cocktail_tags (cocktail_id, tag_id) VALUES ('11005', 'bbc90fce-dc89-524c-a7fd-38a7a21e7929');

INSERT OR REPLACE INTO cocktails (id, name, slug, description, method, garnish, glassware,  category, img, color, abv, time_to_make, vegan, gluten_free, steps_json) VALUES ('11006', 'Piña Colada', 'pina-colada', NULL, 'Blend all ingredients with 1 cup crushed ice until smooth.', NULL, 'Hurricane', 'Rum', 'https://www.thecocktaildb.com/images/media/drink/upgsue1668419912.jpg', '#FFF8DC', '14%', '3 min', 1, 1, '["Blend all ingredients with 1 cup crushed ice until smooth.", "Pour into chilled hurricane glass.", "Garnish with a pineapple wedge and cherry."]');
INSERT OR REPLACE INTO cocktail_ingredients (cocktail_id, ingredient_id, amount, quantity, unit) VALUES ('11006', '8ccdb459-b14f-5622-8fc1-c1a69239c7f4', '2 oz', NULL, NULL);
INSERT OR REPLACE INTO cocktail_ingredients (cocktail_id, ingredient_id, amount, quantity, unit) VALUES ('11006', '900f91fa-5e31-5c02-9a45-9384f8acbd1d', '1.5 oz', NULL, NULL);
INSERT OR REPLACE INTO cocktail_ingredients (cocktail_id, ingredient_id, amount, quantity, unit) VALUES ('11006', '17eccfc7-9dce-5fa6-b185-7feb47d2c26f', '2 oz', NULL, NULL);
INSERT OR IGNORE INTO cocktail_tags (cocktail_id, tag_id) VALUES ('11006', '77905085-39ca-5b6f-af02-49581352decf');
INSERT OR IGNORE INTO cocktail_tags (cocktail_id, tag_id) VALUES ('11006', 'ce47ea2d-1943-5b22-8431-72755f8f1a3b');
INSERT OR IGNORE INTO cocktail_tags (cocktail_id, tag_id) VALUES ('11006', 'a335a450-b69b-5a49-81da-faba777071b8');

INSERT OR REPLACE INTO cocktails (id, name, slug, description, method, garnish, glassware,  category, img, color, abv, time_to_make, vegan, gluten_free, steps_json) VALUES ('11091', 'Dark ''n'' Stormy', 'dark-n-stormy', NULL, 'Fill highball glass with ice.', NULL, 'Highball', 'Rum', 'https://www.thecocktaildb.com/images/media/drink/t1tn0s1504374905.jpg', '#3D2B1F', '10%', '1 min', 1, 1, '["Fill highball glass with ice.", "Pour lime juice over ice.", "Add rum.", "Top with ginger beer \u2014 do not stir.", "Garnish with a lime wedge."]');
INSERT OR REPLACE INTO cocktail_ingredients (cocktail_id, ingredient_id, amount, quantity, unit) VALUES ('11091', '4ad9286e-9b25-5d74-8e12-454b879ef517', '2 oz', NULL, NULL);
INSERT OR REPLACE INTO cocktail_ingredients (cocktail_id, ingredient_id, amount, quantity, unit) VALUES ('11091', 'a60ad94a-87ce-5796-804d-098d0090374c', '4 oz', NULL, NULL);
INSERT OR REPLACE INTO cocktail_ingredients (cocktail_id, ingredient_id, amount, quantity, unit) VALUES ('11091', 'bc42dfcc-dd49-578e-993c-397b4c88ab3c', '0.5 oz', NULL, NULL);
INSERT OR IGNORE INTO cocktail_tags (cocktail_id, tag_id) VALUES ('11091', 'b79aca0e-e377-5dbe-86a3-5d0df24e7cf7');
INSERT OR IGNORE INTO cocktail_tags (cocktail_id, tag_id) VALUES ('11091', '6f583b70-4a3f-5ce6-a216-16008986a58d');
INSERT OR IGNORE INTO cocktail_tags (cocktail_id, tag_id) VALUES ('11091', '77905085-39ca-5b6f-af02-49581352decf');

INSERT OR REPLACE INTO cocktails (id, name, slug, description, method, garnish, glassware,  category, img, color, abv, time_to_make, vegan, gluten_free, steps_json) VALUES ('11092', 'Hurricane', 'hurricane', NULL, 'Combine all in shaker with ice.', NULL, 'Hurricane', 'Rum', 'https://www.thecocktaildb.com/images/media/drink/nwx02s1515795822.jpg', '#FF4500', '14%', '2 min', 1, 1, '["Combine all in shaker with ice.", "Shake and strain into hurricane glass over ice.", "Garnish with orange slice and cherry."]');
INSERT OR REPLACE INTO cocktail_ingredients (cocktail_id, ingredient_id, amount, quantity, unit) VALUES ('11092', '8ccdb459-b14f-5622-8fc1-c1a69239c7f4', '1 oz', NULL, NULL);
INSERT OR REPLACE INTO cocktail_ingredients (cocktail_id, ingredient_id, amount, quantity, unit) VALUES ('11092', 'ddd270c5-e4bf-5a3e-93f7-711041a2c176', '1 oz', NULL, NULL);
INSERT OR REPLACE INTO cocktail_ingredients (cocktail_id, ingredient_id, amount, quantity, unit) VALUES ('11092', 'c7500baf-f7e9-5391-8202-07371ad3bcf9', '1 oz', NULL, NULL);
INSERT OR REPLACE INTO cocktail_ingredients (cocktail_id, ingredient_id, amount, quantity, unit) VALUES ('11092', 'bc42dfcc-dd49-578e-993c-397b4c88ab3c', '0.5 oz', NULL, NULL);
INSERT OR REPLACE INTO cocktail_ingredients (cocktail_id, ingredient_id, amount, quantity, unit) VALUES ('11092', 'b2fa83cb-248e-56ac-860a-3b1bb07a5559', '1 oz', NULL, NULL);
INSERT OR REPLACE INTO cocktail_ingredients (cocktail_id, ingredient_id, amount, quantity, unit) VALUES ('11092', 'e3daa50c-30cc-5e45-bafe-0148dcdbc1e7', '0.25 oz', NULL, NULL);
INSERT OR IGNORE INTO cocktail_tags (cocktail_id, tag_id) VALUES ('11092', '77905085-39ca-5b6f-af02-49581352decf');
INSERT OR IGNORE INTO cocktail_tags (cocktail_id, tag_id) VALUES ('11092', '0ed1ac04-412f-555b-bf14-8b0fffa45f1c');
INSERT OR IGNORE INTO cocktail_tags (cocktail_id, tag_id) VALUES ('11092', '5a4cc68c-251f-5ef3-bed5-56d28652b092');

INSERT OR REPLACE INTO cocktails (id, name, slug, description, method, garnish, glassware,  category, img, color, abv, time_to_make, vegan, gluten_free, steps_json) VALUES ('11093', 'Mai Tai', 'mai-tai', NULL, 'Combine all in shaker with ice.', NULL, 'Rocks', 'Rum', 'https://www.thecocktaildb.com/images/media/drink/twyrrp1439907470.jpg', '#FF8C00', '18%', '3 min', 1, 1, '["Combine all in shaker with ice.", "Shake and strain over crushed ice in rocks glass.", "Float dark rum on top.", "Garnish with spent lime hull, mint sprig, cherry."]');
INSERT OR REPLACE INTO cocktail_ingredients (cocktail_id, ingredient_id, amount, quantity, unit) VALUES ('11093', 'cb2d4e8c-a8c8-5362-9146-9be1a42d9835', '1.5 oz', NULL, NULL);
INSERT OR REPLACE INTO cocktail_ingredients (cocktail_id, ingredient_id, amount, quantity, unit) VALUES ('11093', '90f7c0eb-ce7c-5dd3-b78f-91aa40f4888f', '0.5 oz', NULL, NULL);
INSERT OR REPLACE INTO cocktail_ingredients (cocktail_id, ingredient_id, amount, quantity, unit) VALUES ('11093', 'bc42dfcc-dd49-578e-993c-397b4c88ab3c', '1 oz', NULL, NULL);
INSERT OR REPLACE INTO cocktail_ingredients (cocktail_id, ingredient_id, amount, quantity, unit) VALUES ('11093', '9cc38003-9c27-5ad4-83a7-da60d9fd3c41', '0.5 oz', NULL, NULL);
INSERT OR REPLACE INTO cocktail_ingredients (cocktail_id, ingredient_id, amount, quantity, unit) VALUES ('11093', '14de1579-9a9c-53e0-9820-09344e4ab28a', '0.5 oz', NULL, NULL);
INSERT OR IGNORE INTO cocktail_tags (cocktail_id, tag_id) VALUES ('11093', '4280150a-0837-5474-831c-196a4898e23c');
INSERT OR IGNORE INTO cocktail_tags (cocktail_id, tag_id) VALUES ('11093', '77905085-39ca-5b6f-af02-49581352decf');
INSERT OR IGNORE INTO cocktail_tags (cocktail_id, tag_id) VALUES ('11093', 'b79aca0e-e377-5dbe-86a3-5d0df24e7cf7');

INSERT OR REPLACE INTO cocktails (id, name, slug, description, method, garnish, glassware,  category, img, color, abv, time_to_make, vegan, gluten_free, steps_json) VALUES ('11094', 'Jungle Bird', 'jungle-bird', NULL, 'Combine all in shaker with ice.', NULL, 'Rocks', 'Rum', 'https://images.unsplash.com/photo-1570869031823-8d42a0e32f43?w=800&q=80', '#D44000', '16%', '2 min', 1, 1, '["Combine all in shaker with ice.", "Shake vigorously.", "Strain over large ice in rocks glass.", "Garnish with pineapple wedge."]');
INSERT OR REPLACE INTO cocktail_ingredients (cocktail_id, ingredient_id, amount, quantity, unit) VALUES ('11094', 'a357c78c-ae90-5c2b-a018-cd5b6193a985', '1.5 oz', NULL, NULL);
INSERT OR REPLACE INTO cocktail_ingredients (cocktail_id, ingredient_id, amount, quantity, unit) VALUES ('11094', 'e4f7bc04-ac20-5808-b17e-a96e1dd0739d', '0.75 oz', NULL, NULL);
INSERT OR REPLACE INTO cocktail_ingredients (cocktail_id, ingredient_id, amount, quantity, unit) VALUES ('11094', 'bc42dfcc-dd49-578e-993c-397b4c88ab3c', '0.5 oz', NULL, NULL);
INSERT OR REPLACE INTO cocktail_ingredients (cocktail_id, ingredient_id, amount, quantity, unit) VALUES ('11094', '17eccfc7-9dce-5fa6-b185-7feb47d2c26f', '1.5 oz', NULL, NULL);
INSERT OR REPLACE INTO cocktail_ingredients (cocktail_id, ingredient_id, amount, quantity, unit) VALUES ('11094', '3752bef2-388d-5b7d-a256-b65589dc0b75', '0.5 oz', NULL, NULL);
INSERT OR IGNORE INTO cocktail_tags (cocktail_id, tag_id) VALUES ('11094', '4280150a-0837-5474-831c-196a4898e23c');
INSERT OR IGNORE INTO cocktail_tags (cocktail_id, tag_id) VALUES ('11094', '78d1fea8-4069-5674-b588-69eb326129e3');
INSERT OR IGNORE INTO cocktail_tags (cocktail_id, tag_id) VALUES ('11094', '77905085-39ca-5b6f-af02-49581352decf');

INSERT OR REPLACE INTO cocktails (id, name, slug, description, method, garnish, glassware,  category, img, color, abv, time_to_make, vegan, gluten_free, steps_json) VALUES ('11095', 'Hemingway Daiquiri', 'hemingway-daiquiri', NULL, 'Combine all in shaker with ice.', NULL, 'Coupe', 'Rum', 'https://www.thecocktaildb.com/images/media/drink/jfcvps1504369888.jpg', '#C8E6C9', '20%', '2 min', 1, 1, '["Combine all in shaker with ice.", "Shake vigorously 12 seconds.", "Double-strain into chilled coupe.", "Garnish with a lime wheel."]');
INSERT OR REPLACE INTO cocktail_ingredients (cocktail_id, ingredient_id, amount, quantity, unit) VALUES ('11095', '8ccdb459-b14f-5622-8fc1-c1a69239c7f4', '2 oz', NULL, NULL);
INSERT OR REPLACE INTO cocktail_ingredients (cocktail_id, ingredient_id, amount, quantity, unit) VALUES ('11095', 'bc42dfcc-dd49-578e-993c-397b4c88ab3c', '0.75 oz', NULL, NULL);
INSERT OR REPLACE INTO cocktail_ingredients (cocktail_id, ingredient_id, amount, quantity, unit) VALUES ('11095', '848ebc1d-076e-57aa-bd90-5a16a7b9922f', '0.5 oz', NULL, NULL);
INSERT OR REPLACE INTO cocktail_ingredients (cocktail_id, ingredient_id, amount, quantity, unit) VALUES ('11095', '169bdb3f-f12d-5a94-9d5f-e5084e604b94', '0.5 oz', NULL, NULL);
INSERT OR IGNORE INTO cocktail_tags (cocktail_id, tag_id) VALUES ('11095', 'b79aca0e-e377-5dbe-86a3-5d0df24e7cf7');
INSERT OR IGNORE INTO cocktail_tags (cocktail_id, tag_id) VALUES ('11095', 'a3119315-1c87-5a8f-8ebc-fd0dfeac0b19');
INSERT OR IGNORE INTO cocktail_tags (cocktail_id, tag_id) VALUES ('11095', '1082e0b3-4013-5c3f-aa59-bc75026bce30');

INSERT OR REPLACE INTO cocktails (id, name, slug, description, method, garnish, glassware,  category, img, color, abv, time_to_make, vegan, gluten_free, steps_json) VALUES ('11096', 'Caipirinha', 'caipirinha', NULL, 'Muddle lime quarters with sugar in rocks glass.', NULL, 'Rocks', 'Cachaça', 'https://www.thecocktaildb.com/images/media/drink/jgvn7p1582484435.jpg', '#D4E8A8', '20%', '2 min', 1, 1, '["Muddle lime quarters with sugar in rocks glass.", "Fill glass with crushed ice.", "Pour cacha\u00e7a over ice.", "Stir briefly.", "Garnish with a lime wedge."]');
INSERT OR REPLACE INTO cocktail_ingredients (cocktail_id, ingredient_id, amount, quantity, unit) VALUES ('11096', 'c7da5e90-f4d0-56e9-8cde-9473f82558d4', '2 oz', NULL, NULL);
INSERT OR REPLACE INTO cocktail_ingredients (cocktail_id, ingredient_id, amount, quantity, unit) VALUES ('11096', '188dfd15-b96c-561a-8346-482e3e346e9d', 'half (quartered)', NULL, NULL);
INSERT OR REPLACE INTO cocktail_ingredients (cocktail_id, ingredient_id, amount, quantity, unit) VALUES ('11096', 'c5be27f9-9236-5a27-8eee-4895227c8569', '2 tsp', NULL, NULL);
INSERT OR IGNORE INTO cocktail_tags (cocktail_id, tag_id) VALUES ('11096', 'b79aca0e-e377-5dbe-86a3-5d0df24e7cf7');
INSERT OR IGNORE INTO cocktail_tags (cocktail_id, tag_id) VALUES ('11096', 'a3119315-1c87-5a8f-8ebc-fd0dfeac0b19');
INSERT OR IGNORE INTO cocktail_tags (cocktail_id, tag_id) VALUES ('11096', 'a9f590a6-2813-5917-8e90-e6f40643714f');

INSERT OR REPLACE INTO cocktails (id, name, slug, description, method, garnish, glassware,  category, img, color, abv, time_to_make, vegan, gluten_free, steps_json) VALUES ('11120', 'Jungle Bird Riff', 'jungle-bird-riff', NULL, 'Combine all in shaker with ice.', NULL, 'Rocks', 'Rum', 'https://images.unsplash.com/photo-1527281400683-1aae777175f8?w=800&q=80', '#8B2635', '16%', '2 min', 1, 1, '["Combine all in shaker with ice.", "Shake vigorously.", "Strain over large ice in rocks glass.", "Garnish with a dehydrated pineapple wheel."]');
INSERT OR REPLACE INTO cocktail_ingredients (cocktail_id, ingredient_id, amount, quantity, unit) VALUES ('11120', '2c444272-4c05-5d1e-b200-82b70cf04c1d', '1.5 oz', NULL, NULL);
INSERT OR REPLACE INTO cocktail_ingredients (cocktail_id, ingredient_id, amount, quantity, unit) VALUES ('11120', 'e4f7bc04-ac20-5808-b17e-a96e1dd0739d', '0.75 oz', NULL, NULL);
INSERT OR REPLACE INTO cocktail_ingredients (cocktail_id, ingredient_id, amount, quantity, unit) VALUES ('11120', '17eccfc7-9dce-5fa6-b185-7feb47d2c26f', '1.5 oz', NULL, NULL);
INSERT OR REPLACE INTO cocktail_ingredients (cocktail_id, ingredient_id, amount, quantity, unit) VALUES ('11120', 'bc42dfcc-dd49-578e-993c-397b4c88ab3c', '0.5 oz', NULL, NULL);
INSERT OR REPLACE INTO cocktail_ingredients (cocktail_id, ingredient_id, amount, quantity, unit) VALUES ('11120', '109f9a46-ab64-5ae2-878a-491022f0fb3d', '0.5 oz', NULL, NULL);
INSERT OR IGNORE INTO cocktail_tags (cocktail_id, tag_id) VALUES ('11120', '4280150a-0837-5474-831c-196a4898e23c');
INSERT OR IGNORE INTO cocktail_tags (cocktail_id, tag_id) VALUES ('11120', '78d1fea8-4069-5674-b588-69eb326129e3');
INSERT OR IGNORE INTO cocktail_tags (cocktail_id, tag_id) VALUES ('11120', '77905085-39ca-5b6f-af02-49581352decf');

INSERT OR REPLACE INTO cocktails (id, name, slug, description, method, garnish, glassware,  category, img, color, abv, time_to_make, vegan, gluten_free, steps_json) VALUES ('11123', 'Dark Side', 'dark-side', NULL, 'Dry shake all ingredients 15 seconds.', NULL, 'Coupe', 'Rum', 'https://images.unsplash.com/photo-1563227812-0ea4c22e6cc8?w=800&q=80', '#1A0F00', '18%', '3 min', 1, 1, '["Dry shake all ingredients 15 seconds.", "Add ice and shake hard 12 seconds.", "Double-strain into chilled coupe.", "Garnish with fresh blackberries."]');
INSERT OR REPLACE INTO cocktail_ingredients (cocktail_id, ingredient_id, amount, quantity, unit) VALUES ('11123', 'ddd270c5-e4bf-5a3e-93f7-711041a2c176', '1.5 oz', NULL, NULL);
INSERT OR REPLACE INTO cocktail_ingredients (cocktail_id, ingredient_id, amount, quantity, unit) VALUES ('11123', '689fc95d-80e4-5f89-8471-09b7bf17c077', '0.5 oz', NULL, NULL);
INSERT OR REPLACE INTO cocktail_ingredients (cocktail_id, ingredient_id, amount, quantity, unit) VALUES ('11123', 'bc42dfcc-dd49-578e-993c-397b4c88ab3c', '0.75 oz', NULL, NULL);
INSERT OR REPLACE INTO cocktail_ingredients (cocktail_id, ingredient_id, amount, quantity, unit) VALUES ('11123', '3752bef2-388d-5b7d-a256-b65589dc0b75', '0.5 oz', NULL, NULL);
INSERT OR REPLACE INTO cocktail_ingredients (cocktail_id, ingredient_id, amount, quantity, unit) VALUES ('11123', 'd539376e-89bf-55f6-aabc-2b6da5bdbc22', '1', NULL, NULL);
INSERT OR IGNORE INTO cocktail_tags (cocktail_id, tag_id) VALUES ('11123', '77b95a71-f14c-59b2-9d4e-39c544314303');
INSERT OR IGNORE INTO cocktail_tags (cocktail_id, tag_id) VALUES ('11123', '0ed1ac04-412f-555b-bf14-8b0fffa45f1c');
INSERT OR IGNORE INTO cocktail_tags (cocktail_id, tag_id) VALUES ('11123', '77905085-39ca-5b6f-af02-49581352decf');

INSERT OR REPLACE INTO cocktails (id, name, slug, description, method, garnish, glassware,  category, img, color, abv, time_to_make, vegan, gluten_free, steps_json) VALUES ('11001', 'Old Fashioned', 'old-fashioned', NULL, 'Add sugar, bitters and a splash of water to rocks glass.', NULL, 'Rocks', 'Whiskey', 'https://www.thecocktaildb.com/images/media/drink/vrwquq1478252802.jpg', '#D4A56A', '32%', '3 min', 1, 1, '["Add sugar, bitters and a splash of water to rocks glass.", "Stir until sugar dissolves.", "Add a large ice cube.", "Pour bourbon over ice.", "Express orange peel, rub rim, garnish."]');
INSERT OR REPLACE INTO cocktail_ingredients (cocktail_id, ingredient_id, amount, quantity, unit) VALUES ('11001', '2b7a505a-6c21-53c9-b6b0-77b313c26803', '2 oz', NULL, NULL);
INSERT OR REPLACE INTO cocktail_ingredients (cocktail_id, ingredient_id, amount, quantity, unit) VALUES ('11001', '3752bef2-388d-5b7d-a256-b65589dc0b75', '0.25 oz', NULL, NULL);
INSERT OR REPLACE INTO cocktail_ingredients (cocktail_id, ingredient_id, amount, quantity, unit) VALUES ('11001', 'bba62593-cb41-512e-a053-e5ac51a5de26', '2 dashes', NULL, NULL);
INSERT OR REPLACE INTO cocktail_ingredients (cocktail_id, ingredient_id, amount, quantity, unit) VALUES ('11001', '725f6e4f-5568-5a50-a410-691a1c680c92', '1 dash', NULL, NULL);
INSERT OR IGNORE INTO cocktail_tags (cocktail_id, tag_id) VALUES ('11001', 'b79aca0e-e377-5dbe-86a3-5d0df24e7cf7');
INSERT OR IGNORE INTO cocktail_tags (cocktail_id, tag_id) VALUES ('11001', '7a1e7307-3401-5a9b-8c8f-4dc801f9472a');
INSERT OR IGNORE INTO cocktail_tags (cocktail_id, tag_id) VALUES ('11001', '2596f00d-9f14-558d-9a92-d11ef7ec98bb');

INSERT OR REPLACE INTO cocktails (id, name, slug, description, method, garnish, glassware,  category, img, color, abv, time_to_make, vegan, gluten_free, steps_json) VALUES ('11002', 'Manhattan', 'manhattan', NULL, 'Combine all ingredients in mixing glass with ice.', NULL, 'Coupe', 'Whiskey', 'https://www.thecocktaildb.com/images/media/drink/yk70e31606771240.jpg', '#8B2635', '28%', '3 min', 1, 1, '["Combine all ingredients in mixing glass with ice.", "Stir 30 seconds until well-chilled.", "Strain into chilled coupe.", "Garnish with a brandied cherry."]');
INSERT OR REPLACE INTO cocktail_ingredients (cocktail_id, ingredient_id, amount, quantity, unit) VALUES ('11002', 'f4e80cdc-18a7-5350-ba49-dda1c75e8796', '2 oz', NULL, NULL);
INSERT OR REPLACE INTO cocktail_ingredients (cocktail_id, ingredient_id, amount, quantity, unit) VALUES ('11002', 'fed41e42-1957-5817-b0ba-2082a275562f', '1 oz', NULL, NULL);
INSERT OR REPLACE INTO cocktail_ingredients (cocktail_id, ingredient_id, amount, quantity, unit) VALUES ('11002', 'bba62593-cb41-512e-a053-e5ac51a5de26', '2 dashes', NULL, NULL);
INSERT OR IGNORE INTO cocktail_tags (cocktail_id, tag_id) VALUES ('11002', 'b79aca0e-e377-5dbe-86a3-5d0df24e7cf7');
INSERT OR IGNORE INTO cocktail_tags (cocktail_id, tag_id) VALUES ('11002', '7a1e7307-3401-5a9b-8c8f-4dc801f9472a');
INSERT OR IGNORE INTO cocktail_tags (cocktail_id, tag_id) VALUES ('11002', '2596f00d-9f14-558d-9a92-d11ef7ec98bb');

INSERT OR REPLACE INTO cocktails (id, name, slug, description, method, garnish, glassware,  category, img, color, abv, time_to_make, vegan, gluten_free, steps_json) VALUES ('11003', 'Whiskey Sour', 'whiskey-sour', NULL, 'Dry shake all ingredients (no ice) 15 seconds if using egg white.', NULL, 'Rocks', 'Whiskey', 'https://www.thecocktaildb.com/images/media/drink/hbkfsh1589574990.jpg', '#F5CBA7', '20%', '3 min', 1, 1, '["Dry shake all ingredients (no ice) 15 seconds if using egg white.", "Add ice and shake hard 12 seconds.", "Strain into rocks glass over ice.", "Garnish with a lemon wheel and cherry."]');
INSERT OR REPLACE INTO cocktail_ingredients (cocktail_id, ingredient_id, amount, quantity, unit) VALUES ('11003', '11e5eb46-b2ca-529e-a97a-edc2f0f78c8d', '2 oz', NULL, NULL);
INSERT OR REPLACE INTO cocktail_ingredients (cocktail_id, ingredient_id, amount, quantity, unit) VALUES ('11003', 'c31a3116-c58a-51ad-8cb2-5ad6ee7cddb2', '0.75 oz', NULL, NULL);
INSERT OR REPLACE INTO cocktail_ingredients (cocktail_id, ingredient_id, amount, quantity, unit) VALUES ('11003', '3752bef2-388d-5b7d-a256-b65589dc0b75', '0.75 oz', NULL, NULL);
INSERT OR REPLACE INTO cocktail_ingredients (cocktail_id, ingredient_id, amount, quantity, unit) VALUES ('11003', 'd539376e-89bf-55f6-aabc-2b6da5bdbc22', '1 (optional)', NULL, NULL);
INSERT OR IGNORE INTO cocktail_tags (cocktail_id, tag_id) VALUES ('11003', 'b79aca0e-e377-5dbe-86a3-5d0df24e7cf7');
INSERT OR IGNORE INTO cocktail_tags (cocktail_id, tag_id) VALUES ('11003', 'a3119315-1c87-5a8f-8ebc-fd0dfeac0b19');
INSERT OR IGNORE INTO cocktail_tags (cocktail_id, tag_id) VALUES ('11003', '719b2ddb-6259-5f3e-bd75-e5b6104c9787');

INSERT OR REPLACE INTO cocktails (id, name, slug, description, method, garnish, glassware,  category, img, color, abv, time_to_make, vegan, gluten_free, steps_json) VALUES ('11014', 'Sazerac', 'sazerac', NULL, 'Rinse a chilled rocks glass with absinthe, discard excess.', NULL, 'Rocks', 'Whiskey', 'https://www.thecocktaildb.com/images/media/drink/vvpxwy1439907208.jpg', '#D4A56A', '32%', '4 min', 1, 1, '["Rinse a chilled rocks glass with absinthe, discard excess.", "In mixing glass, combine rye, syrup, bitters with ice.", "Stir 30 seconds.", "Strain into prepared glass.", "Express lemon peel over drink; discard peel (or garnish)."]');
INSERT OR REPLACE INTO cocktail_ingredients (cocktail_id, ingredient_id, amount, quantity, unit) VALUES ('11014', 'f4e80cdc-18a7-5350-ba49-dda1c75e8796', '2 oz', NULL, NULL);
INSERT OR REPLACE INTO cocktail_ingredients (cocktail_id, ingredient_id, amount, quantity, unit) VALUES ('11014', '109f9a46-ab64-5ae2-878a-491022f0fb3d', '0.25 oz', NULL, NULL);
INSERT OR REPLACE INTO cocktail_ingredients (cocktail_id, ingredient_id, amount, quantity, unit) VALUES ('11014', 'a0f66a8f-74ad-5ce2-8b9b-5e35f960aa7c', '3 dashes', NULL, NULL);
INSERT OR REPLACE INTO cocktail_ingredients (cocktail_id, ingredient_id, amount, quantity, unit) VALUES ('11014', 'bba62593-cb41-512e-a053-e5ac51a5de26', '1 dash', NULL, NULL);
INSERT OR REPLACE INTO cocktail_ingredients (cocktail_id, ingredient_id, amount, quantity, unit) VALUES ('11014', 'cd184465-3d0c-5626-89d2-5793b9dfb25b', 'rinse', NULL, NULL);
INSERT OR IGNORE INTO cocktail_tags (cocktail_id, tag_id) VALUES ('11014', 'b79aca0e-e377-5dbe-86a3-5d0df24e7cf7');
INSERT OR IGNORE INTO cocktail_tags (cocktail_id, tag_id) VALUES ('11014', '7a1e7307-3401-5a9b-8c8f-4dc801f9472a');
INSERT OR IGNORE INTO cocktail_tags (cocktail_id, tag_id) VALUES ('11014', '5a4cc68c-251f-5ef3-bed5-56d28652b092');

INSERT OR REPLACE INTO cocktails (id, name, slug, description, method, garnish, glassware,  category, img, color, abv, time_to_make, vegan, gluten_free, steps_json) VALUES ('11015', 'Mint Julep', 'mint-julep', NULL, 'Gently muddle mint with syrup in julep tin.', NULL, 'Julep Tin', 'Whiskey', 'https://www.thecocktaildb.com/images/media/drink/squyyq1439907312.jpg', '#C8E6C9', '26%', '3 min', 1, 1, '["Gently muddle mint with syrup in julep tin.", "Pack tin with crushed ice.", "Pour bourbon over ice.", "Stir briefly, top with more crushed ice.", "Garnish with a bouquet of mint, dust with powdered sugar."]');
INSERT OR REPLACE INTO cocktail_ingredients (cocktail_id, ingredient_id, amount, quantity, unit) VALUES ('11015', '11e5eb46-b2ca-529e-a97a-edc2f0f78c8d', '2.5 oz', NULL, NULL);
INSERT OR REPLACE INTO cocktail_ingredients (cocktail_id, ingredient_id, amount, quantity, unit) VALUES ('11015', '3752bef2-388d-5b7d-a256-b65589dc0b75', '0.5 oz', NULL, NULL);
INSERT OR REPLACE INTO cocktail_ingredients (cocktail_id, ingredient_id, amount, quantity, unit) VALUES ('11015', '612797fa-6093-5e3b-b34f-8a80339878e2', '10 leaves', NULL, NULL);
INSERT OR REPLACE INTO cocktail_ingredients (cocktail_id, ingredient_id, amount, quantity, unit) VALUES ('11015', 'c565b135-6d03-5cee-8f80-f573cff49e0b', 'pinch', NULL, NULL);
INSERT OR IGNORE INTO cocktail_tags (cocktail_id, tag_id) VALUES ('11015', 'b79aca0e-e377-5dbe-86a3-5d0df24e7cf7');
INSERT OR IGNORE INTO cocktail_tags (cocktail_id, tag_id) VALUES ('11015', '27eb034b-cc33-5d75-a153-3e42bc65d4ec');
INSERT OR IGNORE INTO cocktail_tags (cocktail_id, tag_id) VALUES ('11015', '1b69729a-73c4-59b6-875d-c87526d14251');

INSERT OR REPLACE INTO cocktails (id, name, slug, description, method, garnish, glassware,  category, img, color, abv, time_to_make, vegan, gluten_free, steps_json) VALUES ('11080', 'Penicillin', 'penicillin', NULL, 'Combine blended scotch, lemon, and syrup in shaker with ice.', NULL, 'Rocks', 'Whiskey', 'https://www.thecocktaildb.com/images/media/drink/hc9b1a1521853096.jpg', '#D4A56A', '22%', '3 min', 1, 1, '["Combine blended scotch, lemon, and syrup in shaker with ice.", "Shake vigorously 12 seconds.", "Strain over large ice cube in rocks glass.", "Float Islay scotch on top by pouring over back of spoon.", "Garnish with candied ginger."]');
INSERT OR REPLACE INTO cocktail_ingredients (cocktail_id, ingredient_id, amount, quantity, unit) VALUES ('11080', '289f7217-a65e-5687-9532-b0276dd86a4b', '2 oz', NULL, NULL);
INSERT OR REPLACE INTO cocktail_ingredients (cocktail_id, ingredient_id, amount, quantity, unit) VALUES ('11080', 'c31a3116-c58a-51ad-8cb2-5ad6ee7cddb2', '0.75 oz', NULL, NULL);
INSERT OR REPLACE INTO cocktail_ingredients (cocktail_id, ingredient_id, amount, quantity, unit) VALUES ('11080', '9d2d9e74-5cfd-5526-9d3d-90716e11c841', '0.75 oz', NULL, NULL);
INSERT OR REPLACE INTO cocktail_ingredients (cocktail_id, ingredient_id, amount, quantity, unit) VALUES ('11080', '3a6bb9ad-6d72-56a3-8ead-a0ce7d7106b0', '0.25 oz', NULL, NULL);
INSERT OR IGNORE INTO cocktail_tags (cocktail_id, tag_id) VALUES ('11080', '77b95a71-f14c-59b2-9d4e-39c544314303');
INSERT OR IGNORE INTO cocktail_tags (cocktail_id, tag_id) VALUES ('11080', '753401e9-8fba-5501-83f9-bd7bbee27aa7');
INSERT OR IGNORE INTO cocktail_tags (cocktail_id, tag_id) VALUES ('11080', 'a3119315-1c87-5a8f-8ebc-fd0dfeac0b19');

INSERT OR REPLACE INTO cocktails (id, name, slug, description, method, garnish, glassware,  category, img, color, abv, time_to_make, vegan, gluten_free, steps_json) VALUES ('11084', 'Paper Plane', 'paper-plane', NULL, 'Combine equal parts in shaker with ice.', NULL, 'Coupe', 'Whiskey', 'https://images.unsplash.com/photo-1590945000906-5a9cfad5ea3e?w=800&q=80', '#F5CBA7', '22%', '2 min', 1, 1, '["Combine equal parts in shaker with ice.", "Shake well and double-strain into chilled coupe.", "No garnish."]');
INSERT OR REPLACE INTO cocktail_ingredients (cocktail_id, ingredient_id, amount, quantity, unit) VALUES ('11084', '11e5eb46-b2ca-529e-a97a-edc2f0f78c8d', '0.75 oz', NULL, NULL);
INSERT OR REPLACE INTO cocktail_ingredients (cocktail_id, ingredient_id, amount, quantity, unit) VALUES ('11084', 'e8469ef4-dc80-53f2-8a60-9e5681833c61', '0.75 oz', NULL, NULL);
INSERT OR REPLACE INTO cocktail_ingredients (cocktail_id, ingredient_id, amount, quantity, unit) VALUES ('11084', '8387d9db-1a28-5d3d-b0fa-dfa98b00c665', '0.75 oz', NULL, NULL);
INSERT OR REPLACE INTO cocktail_ingredients (cocktail_id, ingredient_id, amount, quantity, unit) VALUES ('11084', 'c31a3116-c58a-51ad-8cb2-5ad6ee7cddb2', '0.75 oz', NULL, NULL);
INSERT OR IGNORE INTO cocktail_tags (cocktail_id, tag_id) VALUES ('11084', '77b95a71-f14c-59b2-9d4e-39c544314303');
INSERT OR IGNORE INTO cocktail_tags (cocktail_id, tag_id) VALUES ('11084', '4aab48b3-237d-56b8-999a-15d81402802a');
INSERT OR IGNORE INTO cocktail_tags (cocktail_id, tag_id) VALUES ('11084', 'a3119315-1c87-5a8f-8ebc-fd0dfeac0b19');

INSERT OR REPLACE INTO cocktails (id, name, slug, description, method, garnish, glassware,  category, img, color, abv, time_to_make, vegan, gluten_free, steps_json) VALUES ('11085', 'Gold Rush', 'gold-rush', NULL, 'Combine all in shaker with ice.', NULL, 'Rocks', 'Whiskey', 'https://images.unsplash.com/photo-1580170770946-cf7d0af98bd6?w=800&q=80', '#F5CBA7', '22%', '2 min', 1, 1, '["Combine all in shaker with ice.", "Shake vigorously 12 seconds.", "Strain over large ice cube in rocks glass.", "Garnish with a lemon twist."]');
INSERT OR REPLACE INTO cocktail_ingredients (cocktail_id, ingredient_id, amount, quantity, unit) VALUES ('11085', '11e5eb46-b2ca-529e-a97a-edc2f0f78c8d', '2 oz', NULL, NULL);
INSERT OR REPLACE INTO cocktail_ingredients (cocktail_id, ingredient_id, amount, quantity, unit) VALUES ('11085', 'c31a3116-c58a-51ad-8cb2-5ad6ee7cddb2', '0.75 oz', NULL, NULL);
INSERT OR REPLACE INTO cocktail_ingredients (cocktail_id, ingredient_id, amount, quantity, unit) VALUES ('11085', 'aad05086-b43b-5d34-af15-6a60c2ba05e7', '0.75 oz', NULL, NULL);
INSERT OR IGNORE INTO cocktail_tags (cocktail_id, tag_id) VALUES ('11085', '77b95a71-f14c-59b2-9d4e-39c544314303');
INSERT OR IGNORE INTO cocktail_tags (cocktail_id, tag_id) VALUES ('11085', 'a3119315-1c87-5a8f-8ebc-fd0dfeac0b19');
INSERT OR IGNORE INTO cocktail_tags (cocktail_id, tag_id) VALUES ('11085', '436f739b-e43f-586b-8fbc-fdcaf4d8c068');

INSERT OR REPLACE INTO cocktails (id, name, slug, description, method, garnish, glassware,  category, img, color, abv, time_to_make, vegan, gluten_free, steps_json) VALUES ('11097', 'Rob Roy', 'rob-roy', NULL, 'Combine all in mixing glass with ice.', NULL, 'Coupe', 'Whiskey', 'https://www.thecocktaildb.com/images/media/drink/typuyq1439456976.jpg', '#8B2635', '28%', '3 min', 1, 1, '["Combine all in mixing glass with ice.", "Stir 30 seconds until well-chilled.", "Strain into chilled coupe.", "Garnish with a brandied cherry."]');
INSERT OR REPLACE INTO cocktail_ingredients (cocktail_id, ingredient_id, amount, quantity, unit) VALUES ('11097', '88bff132-ce0f-5cde-9f80-8ce1a1717052', '2 oz', NULL, NULL);
INSERT OR REPLACE INTO cocktail_ingredients (cocktail_id, ingredient_id, amount, quantity, unit) VALUES ('11097', 'fed41e42-1957-5817-b0ba-2082a275562f', '1 oz', NULL, NULL);
INSERT OR REPLACE INTO cocktail_ingredients (cocktail_id, ingredient_id, amount, quantity, unit) VALUES ('11097', 'bba62593-cb41-512e-a053-e5ac51a5de26', '2 dashes', NULL, NULL);
INSERT OR IGNORE INTO cocktail_tags (cocktail_id, tag_id) VALUES ('11097', 'b79aca0e-e377-5dbe-86a3-5d0df24e7cf7');
INSERT OR IGNORE INTO cocktail_tags (cocktail_id, tag_id) VALUES ('11097', '7a1e7307-3401-5a9b-8c8f-4dc801f9472a');
INSERT OR IGNORE INTO cocktail_tags (cocktail_id, tag_id) VALUES ('11097', 'c1c842fb-ea5d-5c40-ac6e-e2754b1d15f3');

INSERT OR REPLACE INTO cocktails (id, name, slug, description, method, garnish, glassware,  category, img, color, abv, time_to_make, vegan, gluten_free, steps_json) VALUES ('11098', 'Rusty Nail', 'rusty-nail', NULL, 'Add both ingredients to rocks glass with a large ice cube.', NULL, 'Rocks', 'Whiskey', 'https://www.thecocktaildb.com/images/media/drink/yqsvtw1478252982.jpg', '#D4A56A', '32%', '1 min', 1, 1, '["Add both ingredients to rocks glass with a large ice cube.", "Stir gently to combine.", "Garnish with a lemon twist."]');
INSERT OR REPLACE INTO cocktail_ingredients (cocktail_id, ingredient_id, amount, quantity, unit) VALUES ('11098', '88bff132-ce0f-5cde-9f80-8ce1a1717052', '2 oz', NULL, NULL);
INSERT OR REPLACE INTO cocktail_ingredients (cocktail_id, ingredient_id, amount, quantity, unit) VALUES ('11098', 'c37a3dbd-d3a8-5012-8a37-5d11940ac5a4', '0.5 oz', NULL, NULL);
INSERT OR IGNORE INTO cocktail_tags (cocktail_id, tag_id) VALUES ('11098', 'b79aca0e-e377-5dbe-86a3-5d0df24e7cf7');
INSERT OR IGNORE INTO cocktail_tags (cocktail_id, tag_id) VALUES ('11098', '7a1e7307-3401-5a9b-8c8f-4dc801f9472a');
INSERT OR IGNORE INTO cocktail_tags (cocktail_id, tag_id) VALUES ('11098', 'c1c842fb-ea5d-5c40-ac6e-e2754b1d15f3');

INSERT OR REPLACE INTO cocktails (id, name, slug, description, method, garnish, glassware,  category, img, color, abv, time_to_make, vegan, gluten_free, steps_json) VALUES ('11099', 'Boulevardier', 'boulevardier', NULL, 'Combine all in mixing glass with ice.', NULL, 'Coupe', 'Whiskey', 'https://www.thecocktaildb.com/images/media/drink/km84qi1513705868.jpg', '#8B2635', '26%', '3 min', 1, 1, '["Combine all in mixing glass with ice.", "Stir 30 seconds.", "Strain into chilled coupe.", "Express orange peel and garnish."]');
INSERT OR REPLACE INTO cocktail_ingredients (cocktail_id, ingredient_id, amount, quantity, unit) VALUES ('11099', '11e5eb46-b2ca-529e-a97a-edc2f0f78c8d', '1.5 oz', NULL, NULL);
INSERT OR REPLACE INTO cocktail_ingredients (cocktail_id, ingredient_id, amount, quantity, unit) VALUES ('11099', 'e4f7bc04-ac20-5808-b17e-a96e1dd0739d', '1 oz', NULL, NULL);
INSERT OR REPLACE INTO cocktail_ingredients (cocktail_id, ingredient_id, amount, quantity, unit) VALUES ('11099', 'fed41e42-1957-5817-b0ba-2082a275562f', '1 oz', NULL, NULL);
INSERT OR IGNORE INTO cocktail_tags (cocktail_id, tag_id) VALUES ('11099', 'b79aca0e-e377-5dbe-86a3-5d0df24e7cf7');
INSERT OR IGNORE INTO cocktail_tags (cocktail_id, tag_id) VALUES ('11099', '7a1e7307-3401-5a9b-8c8f-4dc801f9472a');
INSERT OR IGNORE INTO cocktail_tags (cocktail_id, tag_id) VALUES ('11099', '78d1fea8-4069-5674-b588-69eb326129e3');

INSERT OR REPLACE INTO cocktails (id, name, slug, description, method, garnish, glassware,  category, img, color, abv, time_to_make, vegan, gluten_free, steps_json) VALUES ('11100', 'Toronto', 'toronto', NULL, 'Combine all in mixing glass with ice.', NULL, 'Coupe', 'Whiskey', 'https://images.unsplash.com/photo-1549919027-5af8791cba96?w=800&q=80', '#D4A56A', '28%', '3 min', 1, 1, '["Combine all in mixing glass with ice.", "Stir 30 seconds.", "Strain into chilled coupe.", "Garnish with an orange twist."]');
INSERT OR REPLACE INTO cocktail_ingredients (cocktail_id, ingredient_id, amount, quantity, unit) VALUES ('11100', 'f4e80cdc-18a7-5350-ba49-dda1c75e8796', '2 oz', NULL, NULL);
INSERT OR REPLACE INTO cocktail_ingredients (cocktail_id, ingredient_id, amount, quantity, unit) VALUES ('11100', '95194f27-3077-5050-b230-e85046d26b74', '0.25 oz', NULL, NULL);
INSERT OR REPLACE INTO cocktail_ingredients (cocktail_id, ingredient_id, amount, quantity, unit) VALUES ('11100', '3752bef2-388d-5b7d-a256-b65589dc0b75', '0.25 oz', NULL, NULL);
INSERT OR REPLACE INTO cocktail_ingredients (cocktail_id, ingredient_id, amount, quantity, unit) VALUES ('11100', 'bba62593-cb41-512e-a053-e5ac51a5de26', '2 dashes', NULL, NULL);
INSERT OR IGNORE INTO cocktail_tags (cocktail_id, tag_id) VALUES ('11100', '77b95a71-f14c-59b2-9d4e-39c544314303');
INSERT OR IGNORE INTO cocktail_tags (cocktail_id, tag_id) VALUES ('11100', '7a1e7307-3401-5a9b-8c8f-4dc801f9472a');
INSERT OR IGNORE INTO cocktail_tags (cocktail_id, tag_id) VALUES ('11100', '094e17c2-bded-5bdb-9390-bdeba377edd1');

INSERT OR REPLACE INTO cocktails (id, name, slug, description, method, garnish, glassware,  category, img, color, abv, time_to_make, vegan, gluten_free, steps_json) VALUES ('11101', 'Black Manhattan', 'black-manhattan', NULL, 'Combine all in mixing glass with ice.', NULL, 'Coupe', 'Whiskey', 'https://images.unsplash.com/photo-1591343395082-e120087004b4?w=800&q=80', '#3D1A1A', '28%', '3 min', 1, 1, '["Combine all in mixing glass with ice.", "Stir 30 seconds.", "Strain into chilled coupe.", "Garnish with a brandied cherry."]');
INSERT OR REPLACE INTO cocktail_ingredients (cocktail_id, ingredient_id, amount, quantity, unit) VALUES ('11101', 'f4e80cdc-18a7-5350-ba49-dda1c75e8796', '2 oz', NULL, NULL);
INSERT OR REPLACE INTO cocktail_ingredients (cocktail_id, ingredient_id, amount, quantity, unit) VALUES ('11101', '73edd5ed-5347-5fa6-869c-eb54e1102d58', '1 oz', NULL, NULL);
INSERT OR REPLACE INTO cocktail_ingredients (cocktail_id, ingredient_id, amount, quantity, unit) VALUES ('11101', 'bba62593-cb41-512e-a053-e5ac51a5de26', '1 dash', NULL, NULL);
INSERT OR REPLACE INTO cocktail_ingredients (cocktail_id, ingredient_id, amount, quantity, unit) VALUES ('11101', '725f6e4f-5568-5a50-a410-691a1c680c92', '1 dash', NULL, NULL);
INSERT OR IGNORE INTO cocktail_tags (cocktail_id, tag_id) VALUES ('11101', '77b95a71-f14c-59b2-9d4e-39c544314303');
INSERT OR IGNORE INTO cocktail_tags (cocktail_id, tag_id) VALUES ('11101', '7a1e7307-3401-5a9b-8c8f-4dc801f9472a');
INSERT OR IGNORE INTO cocktail_tags (cocktail_id, tag_id) VALUES ('11101', '094e17c2-bded-5bdb-9390-bdeba377edd1');

INSERT OR REPLACE INTO cocktails (id, name, slug, description, method, garnish, glassware,  category, img, color, abv, time_to_make, vegan, gluten_free, steps_json) VALUES ('11102', 'Irish Coffee', 'irish-coffee', NULL, 'Warm heatproof mug with hot water, discard.', NULL, 'Heatproof Mug', 'Whiskey', 'https://www.thecocktaildb.com/images/media/drink/sywsqw1439906999.jpg', '#3D2B1F', '10%', '3 min', 1, 1, '["Warm heatproof mug with hot water, discard.", "Add sugar and coffee, stir to dissolve.", "Add whiskey.", "Float lightly whipped cream on top.", "Drink through the cream."]');
INSERT OR REPLACE INTO cocktail_ingredients (cocktail_id, ingredient_id, amount, quantity, unit) VALUES ('11102', '118a4822-5461-5748-b6b2-026c38576fc6', '1.5 oz', NULL, NULL);
INSERT OR REPLACE INTO cocktail_ingredients (cocktail_id, ingredient_id, amount, quantity, unit) VALUES ('11102', 'e237ac71-a027-50c8-a6e7-30d8ea3c9774', '4 oz', NULL, NULL);
INSERT OR REPLACE INTO cocktail_ingredients (cocktail_id, ingredient_id, amount, quantity, unit) VALUES ('11102', 'db06dca9-338a-58fa-b833-3663a9dac3d8', '1 tsp', NULL, NULL);
INSERT OR REPLACE INTO cocktail_ingredients (cocktail_id, ingredient_id, amount, quantity, unit) VALUES ('11102', 'b9d867b9-9c3a-559d-a43f-d1e4f018a0b4', '1 oz (lightly whipped)', NULL, NULL);
INSERT OR IGNORE INTO cocktail_tags (cocktail_id, tag_id) VALUES ('11102', 'b79aca0e-e377-5dbe-86a3-5d0df24e7cf7');
INSERT OR IGNORE INTO cocktail_tags (cocktail_id, tag_id) VALUES ('11102', '1bd0a136-e76e-5514-ac09-551b38b940f4');
INSERT OR IGNORE INTO cocktail_tags (cocktail_id, tag_id) VALUES ('11102', '9b3261e7-2cce-516e-aded-6920a31976a7');

INSERT OR REPLACE INTO cocktails (id, name, slug, description, method, garnish, glassware,  category, img, color, abv, time_to_make, vegan, gluten_free, steps_json) VALUES ('11118', 'Vieux Carré', 'vieux-carre', NULL, 'Combine all in mixing glass with ice.', NULL, 'Rocks', 'Whiskey', 'https://images.unsplash.com/photo-1551751299-1b51cab2694c?w=800&q=80', '#D4A56A', '26%', '3 min', 1, 1, '["Combine all in mixing glass with ice.", "Stir 30 seconds.", "Strain over large ice cube in rocks glass.", "Garnish with a lemon or orange twist."]');
INSERT OR REPLACE INTO cocktail_ingredients (cocktail_id, ingredient_id, amount, quantity, unit) VALUES ('11118', 'f4e80cdc-18a7-5350-ba49-dda1c75e8796', '0.75 oz', NULL, NULL);
INSERT OR REPLACE INTO cocktail_ingredients (cocktail_id, ingredient_id, amount, quantity, unit) VALUES ('11118', 'b8e510e9-b849-587e-a70d-9cc7a62f5227', '0.75 oz', NULL, NULL);
INSERT OR REPLACE INTO cocktail_ingredients (cocktail_id, ingredient_id, amount, quantity, unit) VALUES ('11118', 'fed41e42-1957-5817-b0ba-2082a275562f', '0.75 oz', NULL, NULL);
INSERT OR REPLACE INTO cocktail_ingredients (cocktail_id, ingredient_id, amount, quantity, unit) VALUES ('11118', '50f18424-8c35-5e88-888d-1bf5402cf57e', '1 tsp', NULL, NULL);
INSERT OR REPLACE INTO cocktail_ingredients (cocktail_id, ingredient_id, amount, quantity, unit) VALUES ('11118', 'a0f66a8f-74ad-5ce2-8b9b-5e35f960aa7c', '2 dashes', NULL, NULL);
INSERT OR REPLACE INTO cocktail_ingredients (cocktail_id, ingredient_id, amount, quantity, unit) VALUES ('11118', 'bba62593-cb41-512e-a053-e5ac51a5de26', '2 dashes', NULL, NULL);
INSERT OR IGNORE INTO cocktail_tags (cocktail_id, tag_id) VALUES ('11118', 'b79aca0e-e377-5dbe-86a3-5d0df24e7cf7');
INSERT OR IGNORE INTO cocktail_tags (cocktail_id, tag_id) VALUES ('11118', '7a1e7307-3401-5a9b-8c8f-4dc801f9472a');
INSERT OR IGNORE INTO cocktail_tags (cocktail_id, tag_id) VALUES ('11118', '5a4cc68c-251f-5ef3-bed5-56d28652b092');

INSERT OR REPLACE INTO cocktails (id, name, slug, description, method, garnish, glassware,  category, img, color, abv, time_to_make, vegan, gluten_free, steps_json) VALUES ('11121', 'New York Sour', 'new-york-sour', NULL, 'Dry shake whiskey, lemon, syrup, and egg white 15 seconds.', NULL, 'Rocks', 'Whiskey', 'https://images.unsplash.com/photo-1571091718767-18b5b1457add?w=800&q=80', '#8B2635', '20%', '3 min', 1, 1, '["Dry shake whiskey, lemon, syrup, and egg white 15 seconds.", "Add ice and shake hard 12 seconds.", "Strain over large ice in rocks glass.", "Float red wine over back of spoon.", "Garnish with a lemon wheel."]');
INSERT OR REPLACE INTO cocktail_ingredients (cocktail_id, ingredient_id, amount, quantity, unit) VALUES ('11121', '11e5eb46-b2ca-529e-a97a-edc2f0f78c8d', '2 oz', NULL, NULL);
INSERT OR REPLACE INTO cocktail_ingredients (cocktail_id, ingredient_id, amount, quantity, unit) VALUES ('11121', 'c31a3116-c58a-51ad-8cb2-5ad6ee7cddb2', '0.75 oz', NULL, NULL);
INSERT OR REPLACE INTO cocktail_ingredients (cocktail_id, ingredient_id, amount, quantity, unit) VALUES ('11121', '3752bef2-388d-5b7d-a256-b65589dc0b75', '0.75 oz', NULL, NULL);
INSERT OR REPLACE INTO cocktail_ingredients (cocktail_id, ingredient_id, amount, quantity, unit) VALUES ('11121', 'd539376e-89bf-55f6-aabc-2b6da5bdbc22', '1', NULL, NULL);
INSERT OR REPLACE INTO cocktail_ingredients (cocktail_id, ingredient_id, amount, quantity, unit) VALUES ('11121', 'd506724b-7190-5a00-b016-81d84bc3b88f', '0.5 oz (float)', NULL, NULL);
INSERT OR IGNORE INTO cocktail_tags (cocktail_id, tag_id) VALUES ('11121', '77b95a71-f14c-59b2-9d4e-39c544314303');
INSERT OR IGNORE INTO cocktail_tags (cocktail_id, tag_id) VALUES ('11121', 'a3119315-1c87-5a8f-8ebc-fd0dfeac0b19');
INSERT OR IGNORE INTO cocktail_tags (cocktail_id, tag_id) VALUES ('11121', '597af108-c351-5680-8b9f-8088c8b7f519');

INSERT OR REPLACE INTO cocktails (id, name, slug, description, method, garnish, glassware,  category, img, color, abv, time_to_make, vegan, gluten_free, steps_json) VALUES ('11122', 'Rattlesnake', 'rattlesnake', NULL, 'Dry shake all ingredients 15 seconds.', NULL, 'Coupe', 'Whiskey', 'https://www.thecocktaildb.com/images/media/drink/rtohqp1504889750.jpg', '#F5E6CA', '22%', '3 min', 1, 1, '["Dry shake all ingredients 15 seconds.", "Add ice and shake hard 12 seconds.", "Double-strain into chilled coupe.", "Garnish with a lemon twist."]');
INSERT OR REPLACE INTO cocktail_ingredients (cocktail_id, ingredient_id, amount, quantity, unit) VALUES ('11122', 'f4e80cdc-18a7-5350-ba49-dda1c75e8796', '2 oz', NULL, NULL);
INSERT OR REPLACE INTO cocktail_ingredients (cocktail_id, ingredient_id, amount, quantity, unit) VALUES ('11122', 'c31a3116-c58a-51ad-8cb2-5ad6ee7cddb2', '0.75 oz', NULL, NULL);
INSERT OR REPLACE INTO cocktail_ingredients (cocktail_id, ingredient_id, amount, quantity, unit) VALUES ('11122', '3752bef2-388d-5b7d-a256-b65589dc0b75', '0.75 oz', NULL, NULL);
INSERT OR REPLACE INTO cocktail_ingredients (cocktail_id, ingredient_id, amount, quantity, unit) VALUES ('11122', 'd539376e-89bf-55f6-aabc-2b6da5bdbc22', '1', NULL, NULL);
INSERT OR REPLACE INTO cocktail_ingredients (cocktail_id, ingredient_id, amount, quantity, unit) VALUES ('11122', 'cd184465-3d0c-5626-89d2-5793b9dfb25b', '2 dashes', NULL, NULL);
INSERT OR IGNORE INTO cocktail_tags (cocktail_id, tag_id) VALUES ('11122', 'b79aca0e-e377-5dbe-86a3-5d0df24e7cf7');
INSERT OR IGNORE INTO cocktail_tags (cocktail_id, tag_id) VALUES ('11122', 'a3119315-1c87-5a8f-8ebc-fd0dfeac0b19');
INSERT OR IGNORE INTO cocktail_tags (cocktail_id, tag_id) VALUES ('11122', 'ad2edbfd-b11c-5564-bd46-2d73fd101aeb');

INSERT OR REPLACE INTO cocktails (id, name, slug, description, method, garnish, glassware,  category, img, color, abv, time_to_make, vegan, gluten_free, steps_json) VALUES ('11020', 'Negroni', 'negroni', NULL, 'Combine all in mixing glass with ice.', NULL, 'Rocks', 'Gin', 'https://www.thecocktaildb.com/images/media/drink/qgdu971561574065.jpg', '#D44000', '24%', '3 min', 1, 1, '["Combine all in mixing glass with ice.", "Stir 30 seconds until well-chilled.", "Strain over large ice cube in rocks glass.", "Express orange peel, garnish."]');
INSERT OR REPLACE INTO cocktail_ingredients (cocktail_id, ingredient_id, amount, quantity, unit) VALUES ('11020', '9dc26094-5a46-5f84-b882-ed4635d6ea9a', '1 oz', NULL, NULL);
INSERT OR REPLACE INTO cocktail_ingredients (cocktail_id, ingredient_id, amount, quantity, unit) VALUES ('11020', 'e4f7bc04-ac20-5808-b17e-a96e1dd0739d', '1 oz', NULL, NULL);
INSERT OR REPLACE INTO cocktail_ingredients (cocktail_id, ingredient_id, amount, quantity, unit) VALUES ('11020', 'fed41e42-1957-5817-b0ba-2082a275562f', '1 oz', NULL, NULL);
INSERT OR IGNORE INTO cocktail_tags (cocktail_id, tag_id) VALUES ('11020', 'b79aca0e-e377-5dbe-86a3-5d0df24e7cf7');
INSERT OR IGNORE INTO cocktail_tags (cocktail_id, tag_id) VALUES ('11020', '78d1fea8-4069-5674-b588-69eb326129e3');
INSERT OR IGNORE INTO cocktail_tags (cocktail_id, tag_id) VALUES ('11020', 'fe57607f-2a4c-53c6-bc85-9e5c67d45046');

INSERT OR REPLACE INTO cocktails (id, name, slug, description, method, garnish, glassware,  category, img, color, abv, time_to_make, vegan, gluten_free, steps_json) VALUES ('11021', 'Martini', 'martini', NULL, 'Chill martini glass with ice water.', NULL, 'Martini', 'Gin', 'https://www.thecocktaildb.com/images/media/drink/71t8581504353095.jpg', '#F0F0E8', '32%', '4 min', 1, 1, '["Chill martini glass with ice water.", "Combine gin and vermouth in mixing glass with ice.", "Stir 40 seconds (very cold).", "Strain into chilled martini glass.", "Garnish with lemon twist or olive."]');
INSERT OR REPLACE INTO cocktail_ingredients (cocktail_id, ingredient_id, amount, quantity, unit) VALUES ('11021', '9dc26094-5a46-5f84-b882-ed4635d6ea9a', '2.5 oz', NULL, NULL);
INSERT OR REPLACE INTO cocktail_ingredients (cocktail_id, ingredient_id, amount, quantity, unit) VALUES ('11021', 'a5867078-08fa-51ff-a958-ac56a9deda36', '0.5 oz', NULL, NULL);
INSERT OR REPLACE INTO cocktail_ingredients (cocktail_id, ingredient_id, amount, quantity, unit) VALUES ('11021', '725f6e4f-5568-5a50-a410-691a1c680c92', '1 dash', NULL, NULL);
INSERT OR IGNORE INTO cocktail_tags (cocktail_id, tag_id) VALUES ('11021', 'b79aca0e-e377-5dbe-86a3-5d0df24e7cf7');
INSERT OR IGNORE INTO cocktail_tags (cocktail_id, tag_id) VALUES ('11021', '7a1e7307-3401-5a9b-8c8f-4dc801f9472a');
INSERT OR IGNORE INTO cocktail_tags (cocktail_id, tag_id) VALUES ('11021', '2596f00d-9f14-558d-9a92-d11ef7ec98bb');

INSERT OR REPLACE INTO cocktails (id, name, slug, description, method, garnish, glassware,  category, img, color, abv, time_to_make, vegan, gluten_free, steps_json) VALUES ('11022', 'Gimlet', 'gimlet', NULL, 'Combine all in shaker with ice.', NULL, 'Coupe', 'Gin', 'https://www.thecocktaildb.com/images/media/drink/3xgldt1513707271.jpg', '#C8E6C9', '22%', '2 min', 1, 1, '["Combine all in shaker with ice.", "Shake vigorously 12 seconds.", "Double-strain into chilled coupe.", "Garnish with a lime wheel."]');
INSERT OR REPLACE INTO cocktail_ingredients (cocktail_id, ingredient_id, amount, quantity, unit) VALUES ('11022', '9dc26094-5a46-5f84-b882-ed4635d6ea9a', '2 oz', NULL, NULL);
INSERT OR REPLACE INTO cocktail_ingredients (cocktail_id, ingredient_id, amount, quantity, unit) VALUES ('11022', 'bc42dfcc-dd49-578e-993c-397b4c88ab3c', '0.75 oz', NULL, NULL);
INSERT OR REPLACE INTO cocktail_ingredients (cocktail_id, ingredient_id, amount, quantity, unit) VALUES ('11022', '3752bef2-388d-5b7d-a256-b65589dc0b75', '0.75 oz', NULL, NULL);
INSERT OR IGNORE INTO cocktail_tags (cocktail_id, tag_id) VALUES ('11022', 'b79aca0e-e377-5dbe-86a3-5d0df24e7cf7');
INSERT OR IGNORE INTO cocktail_tags (cocktail_id, tag_id) VALUES ('11022', 'a3119315-1c87-5a8f-8ebc-fd0dfeac0b19');
INSERT OR IGNORE INTO cocktail_tags (cocktail_id, tag_id) VALUES ('11022', 'b33f34a8-983e-5781-aa25-c131a794f7c5');

INSERT OR REPLACE INTO cocktails (id, name, slug, description, method, garnish, glassware,  category, img, color, abv, time_to_make, vegan, gluten_free, steps_json) VALUES ('11023', 'Tom Collins', 'tom-collins', NULL, 'Shake gin, lemon juice, and syrup with ice.', NULL, 'Collins', 'Gin', 'https://www.thecocktaildb.com/images/media/drink/7cll921606854636.jpg', '#E8F5E9', '12%', '2 min', 1, 1, '["Shake gin, lemon juice, and syrup with ice.", "Strain into ice-filled Collins glass.", "Top with soda water.", "Stir gently. Garnish with lemon wheel and cherry."]');
INSERT OR REPLACE INTO cocktail_ingredients (cocktail_id, ingredient_id, amount, quantity, unit) VALUES ('11023', '9dc26094-5a46-5f84-b882-ed4635d6ea9a', '2 oz', NULL, NULL);
INSERT OR REPLACE INTO cocktail_ingredients (cocktail_id, ingredient_id, amount, quantity, unit) VALUES ('11023', 'c31a3116-c58a-51ad-8cb2-5ad6ee7cddb2', '1 oz', NULL, NULL);
INSERT OR REPLACE INTO cocktail_ingredients (cocktail_id, ingredient_id, amount, quantity, unit) VALUES ('11023', '3752bef2-388d-5b7d-a256-b65589dc0b75', '0.75 oz', NULL, NULL);
INSERT OR REPLACE INTO cocktail_ingredients (cocktail_id, ingredient_id, amount, quantity, unit) VALUES ('11023', '18c02f8a-6144-58ee-9014-07524d996ca5', '2 oz', NULL, NULL);
INSERT OR IGNORE INTO cocktail_tags (cocktail_id, tag_id) VALUES ('11023', 'b79aca0e-e377-5dbe-86a3-5d0df24e7cf7');
INSERT OR IGNORE INTO cocktail_tags (cocktail_id, tag_id) VALUES ('11023', '27eb034b-cc33-5d75-a153-3e42bc65d4ec');
INSERT OR IGNORE INTO cocktail_tags (cocktail_id, tag_id) VALUES ('11023', '0d178cf0-2d3b-530c-a052-65ae1b41ff20');

INSERT OR REPLACE INTO cocktails (id, name, slug, description, method, garnish, glassware,  category, img, color, abv, time_to_make, vegan, gluten_free, steps_json) VALUES ('11024', 'French 75', 'french-75', NULL, 'Combine gin, lemon, and syrup in shaker with ice.', NULL, 'Flute', 'Gin', 'https://www.thecocktaildb.com/images/media/drink/hrxfbl1606773109.jpg', '#F5E6CA', '18%', '2 min', 1, 1, '["Combine gin, lemon, and syrup in shaker with ice.", "Shake well and strain into flute.", "Top with chilled champagne.", "Garnish with a lemon twist."]');
INSERT OR REPLACE INTO cocktail_ingredients (cocktail_id, ingredient_id, amount, quantity, unit) VALUES ('11024', '9dc26094-5a46-5f84-b882-ed4635d6ea9a', '1.5 oz', NULL, NULL);
INSERT OR REPLACE INTO cocktail_ingredients (cocktail_id, ingredient_id, amount, quantity, unit) VALUES ('11024', 'c31a3116-c58a-51ad-8cb2-5ad6ee7cddb2', '0.75 oz', NULL, NULL);
INSERT OR REPLACE INTO cocktail_ingredients (cocktail_id, ingredient_id, amount, quantity, unit) VALUES ('11024', '3752bef2-388d-5b7d-a256-b65589dc0b75', '0.5 oz', NULL, NULL);
INSERT OR REPLACE INTO cocktail_ingredients (cocktail_id, ingredient_id, amount, quantity, unit) VALUES ('11024', 'fbff6232-c13c-59bb-b196-8434010e8d1d', '3 oz', NULL, NULL);
INSERT OR IGNORE INTO cocktail_tags (cocktail_id, tag_id) VALUES ('11024', 'b79aca0e-e377-5dbe-86a3-5d0df24e7cf7');
INSERT OR IGNORE INTO cocktail_tags (cocktail_id, tag_id) VALUES ('11024', 'e5f9cf1e-0cf3-58c6-9b83-f7b8e5309857');
INSERT OR IGNORE INTO cocktail_tags (cocktail_id, tag_id) VALUES ('11024', '75790cb2-495a-579d-afb7-473a02d2d77f');

INSERT OR REPLACE INTO cocktails (id, name, slug, description, method, garnish, glassware,  category, img, color, abv, time_to_make, vegan, gluten_free, steps_json) VALUES ('11081', 'Bramble', 'bramble', NULL, 'Shake gin, lemon, and syrup with ice.', NULL, 'Rocks', 'Gin', 'https://www.thecocktaildb.com/images/media/drink/twtbh51630406392.jpg', '#8B2635', '20%', '2 min', 1, 1, '["Shake gin, lemon, and syrup with ice.", "Strain into rocks glass packed with crushed ice.", "Drizzle cr\u00e8me de m\u00fbre over the top.", "Garnish with blackberries and lemon wheel."]');
INSERT OR REPLACE INTO cocktail_ingredients (cocktail_id, ingredient_id, amount, quantity, unit) VALUES ('11081', '9dc26094-5a46-5f84-b882-ed4635d6ea9a', '2 oz', NULL, NULL);
INSERT OR REPLACE INTO cocktail_ingredients (cocktail_id, ingredient_id, amount, quantity, unit) VALUES ('11081', 'c31a3116-c58a-51ad-8cb2-5ad6ee7cddb2', '1 oz', NULL, NULL);
INSERT OR REPLACE INTO cocktail_ingredients (cocktail_id, ingredient_id, amount, quantity, unit) VALUES ('11081', '3752bef2-388d-5b7d-a256-b65589dc0b75', '0.5 oz', NULL, NULL);
INSERT OR REPLACE INTO cocktail_ingredients (cocktail_id, ingredient_id, amount, quantity, unit) VALUES ('11081', '4aca1bb2-7c74-5631-970b-18f224bf01e2', '0.5 oz (float)', NULL, NULL);
INSERT OR IGNORE INTO cocktail_tags (cocktail_id, tag_id) VALUES ('11081', '77b95a71-f14c-59b2-9d4e-39c544314303');
INSERT OR IGNORE INTO cocktail_tags (cocktail_id, tag_id) VALUES ('11081', '0ed1ac04-412f-555b-bf14-8b0fffa45f1c');
INSERT OR IGNORE INTO cocktail_tags (cocktail_id, tag_id) VALUES ('11081', 'c27894e9-a3d0-5828-8dc9-53d2b62ae3cd');

INSERT OR REPLACE INTO cocktails (id, name, slug, description, method, garnish, glassware,  category, img, color, abv, time_to_make, vegan, gluten_free, steps_json) VALUES ('11082', 'Bee''s Knees', 'bee-s-knees', NULL, 'Combine all in shaker with ice.', NULL, 'Coupe', 'Gin', 'https://www.thecocktaildb.com/images/media/drink/tx8ne41582475326.jpg', '#F5CBA7', '22%', '2 min', 1, 1, '["Combine all in shaker with ice.", "Shake vigorously 12 seconds.", "Double-strain into chilled coupe.", "Garnish with a lemon twist."]');
INSERT OR REPLACE INTO cocktail_ingredients (cocktail_id, ingredient_id, amount, quantity, unit) VALUES ('11082', '9dc26094-5a46-5f84-b882-ed4635d6ea9a', '2 oz', NULL, NULL);
INSERT OR REPLACE INTO cocktail_ingredients (cocktail_id, ingredient_id, amount, quantity, unit) VALUES ('11082', 'c31a3116-c58a-51ad-8cb2-5ad6ee7cddb2', '0.75 oz', NULL, NULL);
INSERT OR REPLACE INTO cocktail_ingredients (cocktail_id, ingredient_id, amount, quantity, unit) VALUES ('11082', 'aad05086-b43b-5d34-af15-6a60c2ba05e7', '0.75 oz', NULL, NULL);
INSERT OR IGNORE INTO cocktail_tags (cocktail_id, tag_id) VALUES ('11082', 'b79aca0e-e377-5dbe-86a3-5d0df24e7cf7');
INSERT OR IGNORE INTO cocktail_tags (cocktail_id, tag_id) VALUES ('11082', 'a3119315-1c87-5a8f-8ebc-fd0dfeac0b19');
INSERT OR IGNORE INTO cocktail_tags (cocktail_id, tag_id) VALUES ('11082', 'ad2edbfd-b11c-5564-bd46-2d73fd101aeb');

INSERT OR REPLACE INTO cocktails (id, name, slug, description, method, garnish, glassware,  category, img, color, abv, time_to_make, vegan, gluten_free, steps_json) VALUES ('11083', 'Last Word', 'last-word', NULL, 'Combine equal parts in shaker with ice.', NULL, 'Coupe', 'Gin', 'https://www.thecocktaildb.com/images/media/drink/91oule1513702624.jpg', '#C8E6C9', '28%', '2 min', 1, 1, '["Combine equal parts in shaker with ice.", "Shake well and double-strain into chilled coupe.", "No garnish needed."]');
INSERT OR REPLACE INTO cocktail_ingredients (cocktail_id, ingredient_id, amount, quantity, unit) VALUES ('11083', '9dc26094-5a46-5f84-b882-ed4635d6ea9a', '0.75 oz', NULL, NULL);
INSERT OR REPLACE INTO cocktail_ingredients (cocktail_id, ingredient_id, amount, quantity, unit) VALUES ('11083', 'e3b64fcc-f0fb-57bf-85ab-4e49aec13656', '0.75 oz', NULL, NULL);
INSERT OR REPLACE INTO cocktail_ingredients (cocktail_id, ingredient_id, amount, quantity, unit) VALUES ('11083', '169bdb3f-f12d-5a94-9d5f-e5084e604b94', '0.75 oz', NULL, NULL);
INSERT OR REPLACE INTO cocktail_ingredients (cocktail_id, ingredient_id, amount, quantity, unit) VALUES ('11083', 'bc42dfcc-dd49-578e-993c-397b4c88ab3c', '0.75 oz', NULL, NULL);
INSERT OR IGNORE INTO cocktail_tags (cocktail_id, tag_id) VALUES ('11083', 'b79aca0e-e377-5dbe-86a3-5d0df24e7cf7');
INSERT OR IGNORE INTO cocktail_tags (cocktail_id, tag_id) VALUES ('11083', '4aab48b3-237d-56b8-999a-15d81402802a');
INSERT OR IGNORE INTO cocktail_tags (cocktail_id, tag_id) VALUES ('11083', '17c2ec76-f81f-5f3f-8b3f-f1dff618e885');

INSERT OR REPLACE INTO cocktails (id, name, slug, description, method, garnish, glassware,  category, img, color, abv, time_to_make, vegan, gluten_free, steps_json) VALUES ('11086', 'Aviation', 'aviation', NULL, 'Combine all in shaker with ice.', NULL, 'Coupe', 'Gin', 'https://www.thecocktaildb.com/images/media/drink/trbplb1606855233.jpg', '#C9B3D5', '22%', '2 min', 1, 1, '["Combine all in shaker with ice.", "Shake and double-strain into chilled coupe.", "Garnish with a brandied cherry."]');
INSERT OR REPLACE INTO cocktail_ingredients (cocktail_id, ingredient_id, amount, quantity, unit) VALUES ('11086', '9dc26094-5a46-5f84-b882-ed4635d6ea9a', '2 oz', NULL, NULL);
INSERT OR REPLACE INTO cocktail_ingredients (cocktail_id, ingredient_id, amount, quantity, unit) VALUES ('11086', '169bdb3f-f12d-5a94-9d5f-e5084e604b94', '0.5 oz', NULL, NULL);
INSERT OR REPLACE INTO cocktail_ingredients (cocktail_id, ingredient_id, amount, quantity, unit) VALUES ('11086', '91b96565-aba7-5758-8dbc-d6841f84a1d8', '0.25 oz', NULL, NULL);
INSERT OR REPLACE INTO cocktail_ingredients (cocktail_id, ingredient_id, amount, quantity, unit) VALUES ('11086', 'c31a3116-c58a-51ad-8cb2-5ad6ee7cddb2', '0.75 oz', NULL, NULL);
INSERT OR IGNORE INTO cocktail_tags (cocktail_id, tag_id) VALUES ('11086', 'b79aca0e-e377-5dbe-86a3-5d0df24e7cf7');
INSERT OR IGNORE INTO cocktail_tags (cocktail_id, tag_id) VALUES ('11086', 'b174044b-6b32-5b14-bc11-15f10ebe7cda');
INSERT OR IGNORE INTO cocktail_tags (cocktail_id, tag_id) VALUES ('11086', 'a3119315-1c87-5a8f-8ebc-fd0dfeac0b19');

INSERT OR REPLACE INTO cocktails (id, name, slug, description, method, garnish, glassware,  category, img, color, abv, time_to_make, vegan, gluten_free, steps_json) VALUES ('11087', 'Vesper Martini', 'vesper-martini', NULL, 'Combine all in shaker with ice.', NULL, 'Martini', 'Gin', 'https://www.thecocktaildb.com/images/media/drink/mtdxpa1504374514.jpg', '#F0F0E8', '32%', '3 min', 1, 1, '["Combine all in shaker with ice.", "Shake until ice-cold (James Bond shakes his).", "Strain into chilled martini glass.", "Garnish with a long lemon twist."]');
INSERT OR REPLACE INTO cocktail_ingredients (cocktail_id, ingredient_id, amount, quantity, unit) VALUES ('11087', '9dc26094-5a46-5f84-b882-ed4635d6ea9a', '3 oz', NULL, NULL);
INSERT OR REPLACE INTO cocktail_ingredients (cocktail_id, ingredient_id, amount, quantity, unit) VALUES ('11087', '45002be9-775d-5ef9-bcc3-015796849e94', '1 oz', NULL, NULL);
INSERT OR REPLACE INTO cocktail_ingredients (cocktail_id, ingredient_id, amount, quantity, unit) VALUES ('11087', 'abe8fc8c-00cc-5808-a787-c0c7ba410634', '0.5 oz', NULL, NULL);
INSERT OR IGNORE INTO cocktail_tags (cocktail_id, tag_id) VALUES ('11087', 'b79aca0e-e377-5dbe-86a3-5d0df24e7cf7');
INSERT OR IGNORE INTO cocktail_tags (cocktail_id, tag_id) VALUES ('11087', '7a1e7307-3401-5a9b-8c8f-4dc801f9472a');
INSERT OR IGNORE INTO cocktail_tags (cocktail_id, tag_id) VALUES ('11087', '2596f00d-9f14-558d-9a92-d11ef7ec98bb');

INSERT OR REPLACE INTO cocktails (id, name, slug, description, method, garnish, glassware,  category, img, color, abv, time_to_make, vegan, gluten_free, steps_json) VALUES ('11088', 'Clover Club', 'clover-club', NULL, 'Dry shake all ingredients 15 seconds.', NULL, 'Coupe', 'Gin', 'https://www.thecocktaildb.com/images/media/drink/t0aja61504348715.jpg', '#FFB6C1', '18%', '3 min', 1, 1, '["Dry shake all ingredients 15 seconds.", "Add ice and shake hard 12 seconds.", "Double-strain into chilled coupe.", "Garnish with fresh raspberries."]');
INSERT OR REPLACE INTO cocktail_ingredients (cocktail_id, ingredient_id, amount, quantity, unit) VALUES ('11088', '9dc26094-5a46-5f84-b882-ed4635d6ea9a', '2 oz', NULL, NULL);
INSERT OR REPLACE INTO cocktail_ingredients (cocktail_id, ingredient_id, amount, quantity, unit) VALUES ('11088', 'c31a3116-c58a-51ad-8cb2-5ad6ee7cddb2', '0.75 oz', NULL, NULL);
INSERT OR REPLACE INTO cocktail_ingredients (cocktail_id, ingredient_id, amount, quantity, unit) VALUES ('11088', '769133c3-a203-5428-a09e-2d9f8864485b', '0.75 oz', NULL, NULL);
INSERT OR REPLACE INTO cocktail_ingredients (cocktail_id, ingredient_id, amount, quantity, unit) VALUES ('11088', 'd539376e-89bf-55f6-aabc-2b6da5bdbc22', '1', NULL, NULL);
INSERT OR IGNORE INTO cocktail_tags (cocktail_id, tag_id) VALUES ('11088', 'b79aca0e-e377-5dbe-86a3-5d0df24e7cf7');
INSERT OR IGNORE INTO cocktail_tags (cocktail_id, tag_id) VALUES ('11088', '0ed1ac04-412f-555b-bf14-8b0fffa45f1c');
INSERT OR IGNORE INTO cocktail_tags (cocktail_id, tag_id) VALUES ('11088', 'ad2edbfd-b11c-5564-bd46-2d73fd101aeb');

INSERT OR REPLACE INTO cocktails (id, name, slug, description, method, garnish, glassware,  category, img, color, abv, time_to_make, vegan, gluten_free, steps_json) VALUES ('11089', 'White Lady', 'white-lady', NULL, 'Dry shake all ingredients 15 seconds.', NULL, 'Coupe', 'Gin', 'https://www.thecocktaildb.com/images/media/drink/jofsaz1504352991.jpg', '#F0F0E8', '22%', '3 min', 1, 1, '["Dry shake all ingredients 15 seconds.", "Add ice and shake hard 12 seconds.", "Double-strain into chilled coupe.", "Garnish with a lemon twist."]');
INSERT OR REPLACE INTO cocktail_ingredients (cocktail_id, ingredient_id, amount, quantity, unit) VALUES ('11089', '9dc26094-5a46-5f84-b882-ed4635d6ea9a', '1.5 oz', NULL, NULL);
INSERT OR REPLACE INTO cocktail_ingredients (cocktail_id, ingredient_id, amount, quantity, unit) VALUES ('11089', 'eeceb7d4-a8ba-5ec5-8b1c-f666a05e9fd2', '1 oz', NULL, NULL);
INSERT OR REPLACE INTO cocktail_ingredients (cocktail_id, ingredient_id, amount, quantity, unit) VALUES ('11089', 'c31a3116-c58a-51ad-8cb2-5ad6ee7cddb2', '0.75 oz', NULL, NULL);
INSERT OR REPLACE INTO cocktail_ingredients (cocktail_id, ingredient_id, amount, quantity, unit) VALUES ('11089', 'd539376e-89bf-55f6-aabc-2b6da5bdbc22', '1', NULL, NULL);
INSERT OR IGNORE INTO cocktail_tags (cocktail_id, tag_id) VALUES ('11089', 'b79aca0e-e377-5dbe-86a3-5d0df24e7cf7');
INSERT OR IGNORE INTO cocktail_tags (cocktail_id, tag_id) VALUES ('11089', 'a3119315-1c87-5a8f-8ebc-fd0dfeac0b19');
INSERT OR IGNORE INTO cocktail_tags (cocktail_id, tag_id) VALUES ('11089', 'ad2edbfd-b11c-5564-bd46-2d73fd101aeb');

INSERT OR REPLACE INTO cocktails (id, name, slug, description, method, garnish, glassware,  category, img, color, abv, time_to_make, vegan, gluten_free, steps_json) VALUES ('11090', 'Singapore Sling', 'singapore-sling', NULL, 'Combine all in shaker with ice.', NULL, 'Collins', 'Gin', 'https://www.thecocktaildb.com/images/media/drink/7dozeg1582578095.jpg', '#FF69B4', '15%', '3 min', 1, 1, '["Combine all in shaker with ice.", "Shake and strain into ice-filled Collins glass.", "Garnish with pineapple slice and cherry."]');
INSERT OR REPLACE INTO cocktail_ingredients (cocktail_id, ingredient_id, amount, quantity, unit) VALUES ('11090', '9dc26094-5a46-5f84-b882-ed4635d6ea9a', '1.5 oz', NULL, NULL);
INSERT OR REPLACE INTO cocktail_ingredients (cocktail_id, ingredient_id, amount, quantity, unit) VALUES ('11090', '0c77cc55-1ccd-5989-ab92-d08cf38dcebe', '0.5 oz', NULL, NULL);
INSERT OR REPLACE INTO cocktail_ingredients (cocktail_id, ingredient_id, amount, quantity, unit) VALUES ('11090', 'eeceb7d4-a8ba-5ec5-8b1c-f666a05e9fd2', '0.25 oz', NULL, NULL);
INSERT OR REPLACE INTO cocktail_ingredients (cocktail_id, ingredient_id, amount, quantity, unit) VALUES ('11090', '50f18424-8c35-5e88-888d-1bf5402cf57e', '0.25 oz', NULL, NULL);
INSERT OR REPLACE INTO cocktail_ingredients (cocktail_id, ingredient_id, amount, quantity, unit) VALUES ('11090', 'e3daa50c-30cc-5e45-bafe-0148dcdbc1e7', '0.25 oz', NULL, NULL);
INSERT OR REPLACE INTO cocktail_ingredients (cocktail_id, ingredient_id, amount, quantity, unit) VALUES ('11090', 'bc42dfcc-dd49-578e-993c-397b4c88ab3c', '0.5 oz', NULL, NULL);
INSERT OR REPLACE INTO cocktail_ingredients (cocktail_id, ingredient_id, amount, quantity, unit) VALUES ('11090', '17eccfc7-9dce-5fa6-b185-7feb47d2c26f', '4 oz', NULL, NULL);
INSERT OR REPLACE INTO cocktail_ingredients (cocktail_id, ingredient_id, amount, quantity, unit) VALUES ('11090', 'bba62593-cb41-512e-a053-e5ac51a5de26', '1 dash', NULL, NULL);
INSERT OR IGNORE INTO cocktail_tags (cocktail_id, tag_id) VALUES ('11090', 'b79aca0e-e377-5dbe-86a3-5d0df24e7cf7');
INSERT OR IGNORE INTO cocktail_tags (cocktail_id, tag_id) VALUES ('11090', '77905085-39ca-5b6f-af02-49581352decf');
INSERT OR IGNORE INTO cocktail_tags (cocktail_id, tag_id) VALUES ('11090', '0d178cf0-2d3b-530c-a052-65ae1b41ff20');

INSERT OR REPLACE INTO cocktails (id, name, slug, description, method, garnish, glassware,  category, img, color, abv, time_to_make, vegan, gluten_free, steps_json) VALUES ('11114', 'Elderflower Collins', 'elderflower-collins', NULL, 'Shake gin, elderflower, and lemon with ice.', NULL, 'Collins', 'Gin', 'https://images.unsplash.com/photo-1496318447583-f524534e9ce1?w=800&q=80', '#E8F5E9', '14%', '2 min', 1, 1, '["Shake gin, elderflower, and lemon with ice.", "Strain into ice-filled Collins glass.", "Top with soda water.", "Garnish with cucumber slice and lemon wheel."]');
INSERT OR REPLACE INTO cocktail_ingredients (cocktail_id, ingredient_id, amount, quantity, unit) VALUES ('11114', '9dc26094-5a46-5f84-b882-ed4635d6ea9a', '1.5 oz', NULL, NULL);
INSERT OR REPLACE INTO cocktail_ingredients (cocktail_id, ingredient_id, amount, quantity, unit) VALUES ('11114', 'a4ae94d2-65eb-54a0-a9b4-d961ebbb3a5a', '1 oz', NULL, NULL);
INSERT OR REPLACE INTO cocktail_ingredients (cocktail_id, ingredient_id, amount, quantity, unit) VALUES ('11114', 'c31a3116-c58a-51ad-8cb2-5ad6ee7cddb2', '0.75 oz', NULL, NULL);
INSERT OR REPLACE INTO cocktail_ingredients (cocktail_id, ingredient_id, amount, quantity, unit) VALUES ('11114', '18c02f8a-6144-58ee-9014-07524d996ca5', '2 oz', NULL, NULL);
INSERT OR IGNORE INTO cocktail_tags (cocktail_id, tag_id) VALUES ('11114', '77b95a71-f14c-59b2-9d4e-39c544314303');
INSERT OR IGNORE INTO cocktail_tags (cocktail_id, tag_id) VALUES ('11114', 'b174044b-6b32-5b14-bc11-15f10ebe7cda');
INSERT OR IGNORE INTO cocktail_tags (cocktail_id, tag_id) VALUES ('11114', '27eb034b-cc33-5d75-a153-3e42bc65d4ec');

INSERT OR REPLACE INTO cocktails (id, name, slug, description, method, garnish, glassware,  category, img, color, abv, time_to_make, vegan, gluten_free, steps_json) VALUES ('11117', 'Corpse Reviver No. 2', 'corpse-reviver-no-2', NULL, 'Rinse chilled coupe with absinthe, discard excess.', NULL, 'Coupe', 'Gin', 'https://www.thecocktaildb.com/images/media/drink/gifgao1513704334.jpg', '#F5E6CA', '22%', '2 min', 1, 1, '["Rinse chilled coupe with absinthe, discard excess.", "Shake remaining ingredients with ice.", "Double-strain into prepared coupe.", "No garnish."]');
INSERT OR REPLACE INTO cocktail_ingredients (cocktail_id, ingredient_id, amount, quantity, unit) VALUES ('11117', '9dc26094-5a46-5f84-b882-ed4635d6ea9a', '0.75 oz', NULL, NULL);
INSERT OR REPLACE INTO cocktail_ingredients (cocktail_id, ingredient_id, amount, quantity, unit) VALUES ('11117', 'eeceb7d4-a8ba-5ec5-8b1c-f666a05e9fd2', '0.75 oz', NULL, NULL);
INSERT OR REPLACE INTO cocktail_ingredients (cocktail_id, ingredient_id, amount, quantity, unit) VALUES ('11117', 'abe8fc8c-00cc-5808-a787-c0c7ba410634', '0.75 oz', NULL, NULL);
INSERT OR REPLACE INTO cocktail_ingredients (cocktail_id, ingredient_id, amount, quantity, unit) VALUES ('11117', 'c31a3116-c58a-51ad-8cb2-5ad6ee7cddb2', '0.75 oz', NULL, NULL);
INSERT OR REPLACE INTO cocktail_ingredients (cocktail_id, ingredient_id, amount, quantity, unit) VALUES ('11117', 'cd184465-3d0c-5626-89d2-5793b9dfb25b', 'rinse', NULL, NULL);
INSERT OR IGNORE INTO cocktail_tags (cocktail_id, tag_id) VALUES ('11117', 'b79aca0e-e377-5dbe-86a3-5d0df24e7cf7');
INSERT OR IGNORE INTO cocktail_tags (cocktail_id, tag_id) VALUES ('11117', '4aab48b3-237d-56b8-999a-15d81402802a');
INSERT OR IGNORE INTO cocktail_tags (cocktail_id, tag_id) VALUES ('11117', '364c4db9-ad28-5b42-98f9-82b4af8bd4bb');

INSERT OR REPLACE INTO cocktails (id, name, slug, description, method, garnish, glassware,  category, img, color, abv, time_to_make, vegan, gluten_free, steps_json) VALUES ('11124', 'Hanky Panky', 'hanky-panky', NULL, 'Combine all in mixing glass with ice.', NULL, 'Coupe', 'Gin', 'https://images.unsplash.com/photo-1544145945-f90425340c7e?w=800&q=80', '#D44000', '24%', '3 min', 1, 1, '["Combine all in mixing glass with ice.", "Stir 30 seconds.", "Strain into chilled coupe.", "Garnish with an orange twist."]');
INSERT OR REPLACE INTO cocktail_ingredients (cocktail_id, ingredient_id, amount, quantity, unit) VALUES ('11124', '9dc26094-5a46-5f84-b882-ed4635d6ea9a', '1.5 oz', NULL, NULL);
INSERT OR REPLACE INTO cocktail_ingredients (cocktail_id, ingredient_id, amount, quantity, unit) VALUES ('11124', 'fed41e42-1957-5817-b0ba-2082a275562f', '1.5 oz', NULL, NULL);
INSERT OR REPLACE INTO cocktail_ingredients (cocktail_id, ingredient_id, amount, quantity, unit) VALUES ('11124', '95194f27-3077-5050-b230-e85046d26b74', '1 tsp', NULL, NULL);
INSERT OR IGNORE INTO cocktail_tags (cocktail_id, tag_id) VALUES ('11124', 'b79aca0e-e377-5dbe-86a3-5d0df24e7cf7');
INSERT OR IGNORE INTO cocktail_tags (cocktail_id, tag_id) VALUES ('11124', '7a1e7307-3401-5a9b-8c8f-4dc801f9472a');
INSERT OR IGNORE INTO cocktail_tags (cocktail_id, tag_id) VALUES ('11124', '094e17c2-bded-5bdb-9390-bdeba377edd1');

INSERT OR REPLACE INTO cocktails (id, name, slug, description, method, garnish, glassware,  category, img, color, abv, time_to_make, vegan, gluten_free, steps_json) VALUES ('11125', 'Naked Martini', 'naked-martini', NULL, 'Chill martini glass thoroughly with ice water.', NULL, 'Martini', 'Gin', 'https://images.unsplash.com/photo-1601050690597-df0568f70950?w=800&q=80', '#F0F0E8', '40%', '2 min', 1, 1, '["Chill martini glass thoroughly with ice water.", "Strain ice-cold gin directly into glass.", "Express lemon peel, garnish."]');
INSERT OR REPLACE INTO cocktail_ingredients (cocktail_id, ingredient_id, amount, quantity, unit) VALUES ('11125', '9dc26094-5a46-5f84-b882-ed4635d6ea9a', '3 oz', NULL, NULL);
INSERT OR IGNORE INTO cocktail_tags (cocktail_id, tag_id) VALUES ('11125', '2596f00d-9f14-558d-9a92-d11ef7ec98bb');
INSERT OR IGNORE INTO cocktail_tags (cocktail_id, tag_id) VALUES ('11125', '5c0ae2bd-d032-58f8-b5c9-ea09c5780e51');
INSERT OR IGNORE INTO cocktail_tags (cocktail_id, tag_id) VALUES ('11125', '7a1e7307-3401-5a9b-8c8f-4dc801f9472a');

INSERT OR REPLACE INTO cocktails (id, name, slug, description, method, garnish, glassware,  category, img, color, abv, time_to_make, vegan, gluten_free, steps_json) VALUES ('11126', 'Pink Lady', 'pink-lady', NULL, 'Dry shake all ingredients 15 seconds.', NULL, 'Coupe', 'Gin', 'https://www.thecocktaildb.com/images/media/drink/5ia6j21504887829.jpg', '#FFB6C1', '20%', '3 min', 1, 1, '["Dry shake all ingredients 15 seconds.", "Add ice and shake hard 12 seconds.", "Double-strain into chilled coupe.", "Garnish with a cherry."]');
INSERT OR REPLACE INTO cocktail_ingredients (cocktail_id, ingredient_id, amount, quantity, unit) VALUES ('11126', '9dc26094-5a46-5f84-b882-ed4635d6ea9a', '1.5 oz', NULL, NULL);
INSERT OR REPLACE INTO cocktail_ingredients (cocktail_id, ingredient_id, amount, quantity, unit) VALUES ('11126', '098543bf-4783-5e66-9982-a9d80684c257', '0.5 oz', NULL, NULL);
INSERT OR REPLACE INTO cocktail_ingredients (cocktail_id, ingredient_id, amount, quantity, unit) VALUES ('11126', 'e3daa50c-30cc-5e45-bafe-0148dcdbc1e7', '0.5 oz', NULL, NULL);
INSERT OR REPLACE INTO cocktail_ingredients (cocktail_id, ingredient_id, amount, quantity, unit) VALUES ('11126', 'c31a3116-c58a-51ad-8cb2-5ad6ee7cddb2', '0.75 oz', NULL, NULL);
INSERT OR REPLACE INTO cocktail_ingredients (cocktail_id, ingredient_id, amount, quantity, unit) VALUES ('11126', 'd539376e-89bf-55f6-aabc-2b6da5bdbc22', '1', NULL, NULL);
INSERT OR IGNORE INTO cocktail_tags (cocktail_id, tag_id) VALUES ('11126', 'b79aca0e-e377-5dbe-86a3-5d0df24e7cf7');
INSERT OR IGNORE INTO cocktail_tags (cocktail_id, tag_id) VALUES ('11126', '0ed1ac04-412f-555b-bf14-8b0fffa45f1c');
INSERT OR IGNORE INTO cocktail_tags (cocktail_id, tag_id) VALUES ('11126', 'ad2edbfd-b11c-5564-bd46-2d73fd101aeb');

INSERT OR REPLACE INTO cocktails (id, name, slug, description, method, garnish, glassware,  category, img, color, abv, time_to_make, vegan, gluten_free, steps_json) VALUES ('11130', 'Tuxedo', 'tuxedo', NULL, 'Combine all in mixing glass with ice.', NULL, 'Coupe', 'Gin', 'https://www.thecocktaildb.com/images/media/drink/4u0nbl1504352551.jpg', '#F0F0E8', '22%', '3 min', 1, 1, '["Combine all in mixing glass with ice.", "Stir 30 seconds.", "Strain into chilled coupe.", "Garnish with a lemon twist and cherry."]');
INSERT OR REPLACE INTO cocktail_ingredients (cocktail_id, ingredient_id, amount, quantity, unit) VALUES ('11130', '9dc26094-5a46-5f84-b882-ed4635d6ea9a', '1.5 oz', NULL, NULL);
INSERT OR REPLACE INTO cocktail_ingredients (cocktail_id, ingredient_id, amount, quantity, unit) VALUES ('11130', '989d64a5-d441-5aa5-950f-b6a7d1863eb6', '1.5 oz', NULL, NULL);
INSERT OR REPLACE INTO cocktail_ingredients (cocktail_id, ingredient_id, amount, quantity, unit) VALUES ('11130', '169bdb3f-f12d-5a94-9d5f-e5084e604b94', '0.25 oz', NULL, NULL);
INSERT OR REPLACE INTO cocktail_ingredients (cocktail_id, ingredient_id, amount, quantity, unit) VALUES ('11130', '725f6e4f-5568-5a50-a410-691a1c680c92', '2 dashes', NULL, NULL);
INSERT OR REPLACE INTO cocktail_ingredients (cocktail_id, ingredient_id, amount, quantity, unit) VALUES ('11130', 'cd184465-3d0c-5626-89d2-5793b9dfb25b', '2 dashes', NULL, NULL);
INSERT OR IGNORE INTO cocktail_tags (cocktail_id, tag_id) VALUES ('11130', 'b79aca0e-e377-5dbe-86a3-5d0df24e7cf7');
INSERT OR IGNORE INTO cocktail_tags (cocktail_id, tag_id) VALUES ('11130', '7a1e7307-3401-5a9b-8c8f-4dc801f9472a');
INSERT OR IGNORE INTO cocktail_tags (cocktail_id, tag_id) VALUES ('11130', '4af87cdb-016c-5fee-8c16-603626a265b2');

INSERT OR REPLACE INTO cocktails (id, name, slug, description, method, garnish, glassware,  category, img, color, abv, time_to_make, vegan, gluten_free, steps_json) VALUES ('11030', 'Espresso Martini', 'espresso-martini', NULL, 'Brew espresso and let cool slightly.', NULL, 'Martini', 'Vodka', 'https://www.thecocktaildb.com/images/media/drink/n0sx531504372951.jpg', '#3D2B1F', '20%', '3 min', 1, 1, '["Brew espresso and let cool slightly.", "Combine all ingredients in shaker with ice.", "Shake vigorously 15 seconds.", "Double-strain into chilled martini glass.", "Garnish with 3 coffee beans."]');
INSERT OR REPLACE INTO cocktail_ingredients (cocktail_id, ingredient_id, amount, quantity, unit) VALUES ('11030', '45002be9-775d-5ef9-bcc3-015796849e94', '1.5 oz', NULL, NULL);
INSERT OR REPLACE INTO cocktail_ingredients (cocktail_id, ingredient_id, amount, quantity, unit) VALUES ('11030', 'd2ede8df-aedf-5d1f-a761-367ecb077ada', '1 oz', NULL, NULL);
INSERT OR REPLACE INTO cocktail_ingredients (cocktail_id, ingredient_id, amount, quantity, unit) VALUES ('11030', 'c6131181-d1d8-55a1-9905-736d49d4ed20', '1 oz', NULL, NULL);
INSERT OR REPLACE INTO cocktail_ingredients (cocktail_id, ingredient_id, amount, quantity, unit) VALUES ('11030', '3752bef2-388d-5b7d-a256-b65589dc0b75', '0.25 oz', NULL, NULL);
INSERT OR IGNORE INTO cocktail_tags (cocktail_id, tag_id) VALUES ('11030', '77b95a71-f14c-59b2-9d4e-39c544314303');
INSERT OR IGNORE INTO cocktail_tags (cocktail_id, tag_id) VALUES ('11030', '9b3261e7-2cce-516e-aded-6920a31976a7');
INSERT OR IGNORE INTO cocktail_tags (cocktail_id, tag_id) VALUES ('11030', '86efbea8-98b3-5164-8ebb-78c0cb4ce109');

INSERT OR REPLACE INTO cocktails (id, name, slug, description, method, garnish, glassware,  category, img, color, abv, time_to_make, vegan, gluten_free, steps_json) VALUES ('11031', 'Cosmopolitan', 'cosmopolitan', NULL, 'Combine all ingredients in shaker with ice.', NULL, 'Martini', 'Vodka', 'https://www.thecocktaildb.com/images/media/drink/kpsajh1504368362.jpg', '#FF69B4', '22%', '2 min', 1, 1, '["Combine all ingredients in shaker with ice.", "Shake hard 12 seconds.", "Strain into chilled martini glass.", "Garnish with a lime wheel or flamed orange peel."]');
INSERT OR REPLACE INTO cocktail_ingredients (cocktail_id, ingredient_id, amount, quantity, unit) VALUES ('11031', '9c68a947-ffdc-534a-8e44-76519ad4a286', '1.5 oz', NULL, NULL);
INSERT OR REPLACE INTO cocktail_ingredients (cocktail_id, ingredient_id, amount, quantity, unit) VALUES ('11031', 'eeceb7d4-a8ba-5ec5-8b1c-f666a05e9fd2', '0.75 oz', NULL, NULL);
INSERT OR REPLACE INTO cocktail_ingredients (cocktail_id, ingredient_id, amount, quantity, unit) VALUES ('11031', 'bc42dfcc-dd49-578e-993c-397b4c88ab3c', '0.5 oz', NULL, NULL);
INSERT OR REPLACE INTO cocktail_ingredients (cocktail_id, ingredient_id, amount, quantity, unit) VALUES ('11031', '8205d407-6829-501e-95d3-f6a75088ea52', '0.5 oz', NULL, NULL);
INSERT OR IGNORE INTO cocktail_tags (cocktail_id, tag_id) VALUES ('11031', 'b79aca0e-e377-5dbe-86a3-5d0df24e7cf7');
INSERT OR IGNORE INTO cocktail_tags (cocktail_id, tag_id) VALUES ('11031', '0ed1ac04-412f-555b-bf14-8b0fffa45f1c');
INSERT OR IGNORE INTO cocktail_tags (cocktail_id, tag_id) VALUES ('11031', 'a3119315-1c87-5a8f-8ebc-fd0dfeac0b19');

INSERT OR REPLACE INTO cocktails (id, name, slug, description, method, garnish, glassware,  category, img, color, abv, time_to_make, vegan, gluten_free, steps_json) VALUES ('11032', 'Moscow Mule', 'moscow-mule', NULL, 'Fill copper mug with ice.', NULL, 'Copper Mug', 'Vodka', 'https://www.thecocktaildb.com/images/media/drink/3pylqc1504370988.jpg', '#C8E6C9', '10%', '2 min', 1, 1, '["Fill copper mug with ice.", "Add vodka and lime juice.", "Top with ginger beer.", "Stir gently. Garnish with lime wedge and fresh mint."]');
INSERT OR REPLACE INTO cocktail_ingredients (cocktail_id, ingredient_id, amount, quantity, unit) VALUES ('11032', '45002be9-775d-5ef9-bcc3-015796849e94', '2 oz', NULL, NULL);
INSERT OR REPLACE INTO cocktail_ingredients (cocktail_id, ingredient_id, amount, quantity, unit) VALUES ('11032', 'bc42dfcc-dd49-578e-993c-397b4c88ab3c', '0.75 oz', NULL, NULL);
INSERT OR REPLACE INTO cocktail_ingredients (cocktail_id, ingredient_id, amount, quantity, unit) VALUES ('11032', 'a60ad94a-87ce-5796-804d-098d0090374c', '4 oz', NULL, NULL);
INSERT OR IGNORE INTO cocktail_tags (cocktail_id, tag_id) VALUES ('11032', 'b79aca0e-e377-5dbe-86a3-5d0df24e7cf7');
INSERT OR IGNORE INTO cocktail_tags (cocktail_id, tag_id) VALUES ('11032', '27eb034b-cc33-5d75-a153-3e42bc65d4ec');
INSERT OR IGNORE INTO cocktail_tags (cocktail_id, tag_id) VALUES ('11032', '6f583b70-4a3f-5ce6-a216-16008986a58d');

INSERT OR REPLACE INTO cocktails (id, name, slug, description, method, garnish, glassware,  category, img, color, abv, time_to_make, vegan, gluten_free, steps_json) VALUES ('11033', 'Bloody Mary', 'bloody-mary', NULL, 'Rim pint glass with celery salt.', NULL, 'Pint', 'Vodka', 'https://www.thecocktaildb.com/images/media/drink/t6caa21582485702.jpg', '#8B0000', '12%', '3 min', 1, 1, '["Rim pint glass with celery salt.", "Combine all ingredients in shaker without ice.", "Roll gently between shaker tins.", "Pour into prepared glass over ice.", "Garnish with celery stalk, lemon wedge, olives."]');
INSERT OR REPLACE INTO cocktail_ingredients (cocktail_id, ingredient_id, amount, quantity, unit) VALUES ('11033', '45002be9-775d-5ef9-bcc3-015796849e94', '2 oz', NULL, NULL);
INSERT OR REPLACE INTO cocktail_ingredients (cocktail_id, ingredient_id, amount, quantity, unit) VALUES ('11033', 'a6b823a3-ff54-55e6-bb35-da263faf4aa2', '4 oz', NULL, NULL);
INSERT OR REPLACE INTO cocktail_ingredients (cocktail_id, ingredient_id, amount, quantity, unit) VALUES ('11033', 'c31a3116-c58a-51ad-8cb2-5ad6ee7cddb2', '0.5 oz', NULL, NULL);
INSERT OR REPLACE INTO cocktail_ingredients (cocktail_id, ingredient_id, amount, quantity, unit) VALUES ('11033', 'c0e595fd-8355-584c-9810-49db6c99e679', '3 dashes', NULL, NULL);
INSERT OR REPLACE INTO cocktail_ingredients (cocktail_id, ingredient_id, amount, quantity, unit) VALUES ('11033', '789730a3-5c2c-5cea-875f-76f31397c909', 'to taste', NULL, NULL);
INSERT OR REPLACE INTO cocktail_ingredients (cocktail_id, ingredient_id, amount, quantity, unit) VALUES ('11033', '4bb3d677-9d5c-53df-bde9-f15eecf75c4d', 'pinch', NULL, NULL);
INSERT OR REPLACE INTO cocktail_ingredients (cocktail_id, ingredient_id, amount, quantity, unit) VALUES ('11033', '39903677-d8fd-5e65-9ce4-74df7495c1bc', 'pinch', NULL, NULL);
INSERT OR IGNORE INTO cocktail_tags (cocktail_id, tag_id) VALUES ('11033', '364c4db9-ad28-5b42-98f9-82b4af8bd4bb');
INSERT OR IGNORE INTO cocktail_tags (cocktail_id, tag_id) VALUES ('11033', '3e47ade1-1c5a-5e30-8be1-8b9c1a3781ab');
INSERT OR IGNORE INTO cocktail_tags (cocktail_id, tag_id) VALUES ('11033', 'b79aca0e-e377-5dbe-86a3-5d0df24e7cf7');

INSERT OR REPLACE INTO cocktails (id, name, slug, description, method, garnish, glassware,  category, img, color, abv, time_to_make, vegan, gluten_free, steps_json) VALUES ('11103', 'Sex on the Beach', 'sex-on-the-beach', NULL, 'Fill highball glass with ice.', NULL, 'Highball', 'Vodka', 'https://www.thecocktaildb.com/images/media/drink/fi67641668420787.jpg', '#FF8C00', '12%', '1 min', 1, 1, '["Fill highball glass with ice.", "Add vodka and peach schnapps.", "Pour orange juice.", "Float cranberry juice on top.", "Garnish with an orange slice and cherry."]');
INSERT OR REPLACE INTO cocktail_ingredients (cocktail_id, ingredient_id, amount, quantity, unit) VALUES ('11103', '45002be9-775d-5ef9-bcc3-015796849e94', '1.5 oz', NULL, NULL);
INSERT OR REPLACE INTO cocktail_ingredients (cocktail_id, ingredient_id, amount, quantity, unit) VALUES ('11103', 'bb000c08-38a2-5bf8-bf40-9b878eb37f12', '1 oz', NULL, NULL);
INSERT OR REPLACE INTO cocktail_ingredients (cocktail_id, ingredient_id, amount, quantity, unit) VALUES ('11103', '32be2d3b-6ef6-51cd-92ea-7c40bb0539ec', '2 oz', NULL, NULL);
INSERT OR REPLACE INTO cocktail_ingredients (cocktail_id, ingredient_id, amount, quantity, unit) VALUES ('11103', '8205d407-6829-501e-95d3-f6a75088ea52', '2 oz', NULL, NULL);
INSERT OR IGNORE INTO cocktail_tags (cocktail_id, tag_id) VALUES ('11103', 'b79aca0e-e377-5dbe-86a3-5d0df24e7cf7');
INSERT OR IGNORE INTO cocktail_tags (cocktail_id, tag_id) VALUES ('11103', '0ed1ac04-412f-555b-bf14-8b0fffa45f1c');
INSERT OR IGNORE INTO cocktail_tags (cocktail_id, tag_id) VALUES ('11103', 'a335a450-b69b-5a49-81da-faba777071b8');

INSERT OR REPLACE INTO cocktails (id, name, slug, description, method, garnish, glassware,  category, img, color, abv, time_to_make, vegan, gluten_free, steps_json) VALUES ('11104', 'Harvey Wallbanger', 'harvey-wallbanger', NULL, 'Fill highball glass with ice.', NULL, 'Highball', 'Vodka', 'https://www.thecocktaildb.com/images/media/drink/7os4gs1606854357.jpg', '#FFA500', '12%', '1 min', 1, 1, '["Fill highball glass with ice.", "Add vodka and orange juice, stir.", "Float Galliano on top.", "Garnish with an orange slice and cherry."]');
INSERT OR REPLACE INTO cocktail_ingredients (cocktail_id, ingredient_id, amount, quantity, unit) VALUES ('11104', '45002be9-775d-5ef9-bcc3-015796849e94', '1.5 oz', NULL, NULL);
INSERT OR REPLACE INTO cocktail_ingredients (cocktail_id, ingredient_id, amount, quantity, unit) VALUES ('11104', 'b2fa83cb-248e-56ac-860a-3b1bb07a5559', '4 oz', NULL, NULL);
INSERT OR REPLACE INTO cocktail_ingredients (cocktail_id, ingredient_id, amount, quantity, unit) VALUES ('11104', 'f5ddf19d-99f0-5767-ae71-510506b84657', '0.5 oz (float)', NULL, NULL);
INSERT OR IGNORE INTO cocktail_tags (cocktail_id, tag_id) VALUES ('11104', 'b79aca0e-e377-5dbe-86a3-5d0df24e7cf7');
INSERT OR IGNORE INTO cocktail_tags (cocktail_id, tag_id) VALUES ('11104', '0ed1ac04-412f-555b-bf14-8b0fffa45f1c');
INSERT OR IGNORE INTO cocktail_tags (cocktail_id, tag_id) VALUES ('11104', 'b2b861e2-ecda-54ba-a806-73f8608ec0ca');

INSERT OR REPLACE INTO cocktails (id, name, slug, description, method, garnish, glassware,  category, img, color, abv, time_to_make, vegan, gluten_free, steps_json) VALUES ('11105', 'White Russian', 'white-russian', NULL, 'Fill rocks glass with ice.', NULL, 'Rocks', 'Vodka', 'https://www.thecocktaildb.com/images/media/drink/vsrupw1472405732.jpg', '#F5E6CA', '18%', '1 min', 1, 1, '["Fill rocks glass with ice.", "Add vodka and Kahl\u00faa.", "Float cream on top.", "Stir gently if desired."]');
INSERT OR REPLACE INTO cocktail_ingredients (cocktail_id, ingredient_id, amount, quantity, unit) VALUES ('11105', '45002be9-775d-5ef9-bcc3-015796849e94', '2 oz', NULL, NULL);
INSERT OR REPLACE INTO cocktail_ingredients (cocktail_id, ingredient_id, amount, quantity, unit) VALUES ('11105', 'd2ede8df-aedf-5d1f-a761-367ecb077ada', '1 oz', NULL, NULL);
INSERT OR REPLACE INTO cocktail_ingredients (cocktail_id, ingredient_id, amount, quantity, unit) VALUES ('11105', 'b9d867b9-9c3a-559d-a43f-d1e4f018a0b4', '1 oz', NULL, NULL);
INSERT OR IGNORE INTO cocktail_tags (cocktail_id, tag_id) VALUES ('11105', 'b79aca0e-e377-5dbe-86a3-5d0df24e7cf7');
INSERT OR IGNORE INTO cocktail_tags (cocktail_id, tag_id) VALUES ('11105', '9b3261e7-2cce-516e-aded-6920a31976a7');
INSERT OR IGNORE INTO cocktail_tags (cocktail_id, tag_id) VALUES ('11105', '54016b37-b086-5a07-b3c9-4f768d6da3ca');

INSERT OR REPLACE INTO cocktails (id, name, slug, description, method, garnish, glassware,  category, img, color, abv, time_to_make, vegan, gluten_free, steps_json) VALUES ('11106', 'Black Russian', 'black-russian', NULL, 'Fill rocks glass with ice.', NULL, 'Rocks', 'Vodka', 'https://www.thecocktaildb.com/images/media/drink/8oxlqf1606772765.jpg', '#1A0F00', '22%', '1 min', 1, 1, '["Fill rocks glass with ice.", "Add vodka then Kahl\u00faa.", "Stir gently."]');
INSERT OR REPLACE INTO cocktail_ingredients (cocktail_id, ingredient_id, amount, quantity, unit) VALUES ('11106', '45002be9-775d-5ef9-bcc3-015796849e94', '2 oz', NULL, NULL);
INSERT OR REPLACE INTO cocktail_ingredients (cocktail_id, ingredient_id, amount, quantity, unit) VALUES ('11106', 'd2ede8df-aedf-5d1f-a761-367ecb077ada', '1 oz', NULL, NULL);
INSERT OR IGNORE INTO cocktail_tags (cocktail_id, tag_id) VALUES ('11106', 'b79aca0e-e377-5dbe-86a3-5d0df24e7cf7');
INSERT OR IGNORE INTO cocktail_tags (cocktail_id, tag_id) VALUES ('11106', '9b3261e7-2cce-516e-aded-6920a31976a7');
INSERT OR IGNORE INTO cocktail_tags (cocktail_id, tag_id) VALUES ('11106', 'b33f34a8-983e-5781-aa25-c131a794f7c5');

INSERT OR REPLACE INTO cocktails (id, name, slug, description, method, garnish, glassware,  category, img, color, abv, time_to_make, vegan, gluten_free, steps_json) VALUES ('11107', 'Pornstar Martini', 'pornstar-martini', NULL, 'Combine vodka, liqueur, purée, and lime in shaker with ice.', NULL, 'Martini', 'Vodka', 'https://www.thecocktaildb.com/images/media/drink/xjhjdf1630406071.jpg', '#FFA500', '18%', '3 min', 1, 1, '["Combine vodka, liqueur, pur\u00e9e, and lime in shaker with ice.", "Shake vigorously 12 seconds.", "Strain into chilled martini glass.", "Float halved passionfruit on top.", "Serve Prosecco in a shot glass on the side."]');
INSERT OR REPLACE INTO cocktail_ingredients (cocktail_id, ingredient_id, amount, quantity, unit) VALUES ('11107', '7760f817-5f11-5858-9aa8-fee1bba95876', '2 oz', NULL, NULL);
INSERT OR REPLACE INTO cocktail_ingredients (cocktail_id, ingredient_id, amount, quantity, unit) VALUES ('11107', '6177eabe-3e58-53bc-bde6-56a12b3e4c1f', '1 oz', NULL, NULL);
INSERT OR REPLACE INTO cocktail_ingredients (cocktail_id, ingredient_id, amount, quantity, unit) VALUES ('11107', 'aa9e72c1-cf31-55e0-826f-2bfebb9c7cc9', '0.5 oz', NULL, NULL);
INSERT OR REPLACE INTO cocktail_ingredients (cocktail_id, ingredient_id, amount, quantity, unit) VALUES ('11107', 'bc42dfcc-dd49-578e-993c-397b4c88ab3c', '0.5 oz', NULL, NULL);
INSERT OR REPLACE INTO cocktail_ingredients (cocktail_id, ingredient_id, amount, quantity, unit) VALUES ('11107', 'fb24a546-650e-5f3e-9874-fa4b6d55bc3f', '2 oz (side shot)', NULL, NULL);
INSERT OR IGNORE INTO cocktail_tags (cocktail_id, tag_id) VALUES ('11107', '77b95a71-f14c-59b2-9d4e-39c544314303');
INSERT OR IGNORE INTO cocktail_tags (cocktail_id, tag_id) VALUES ('11107', '0ed1ac04-412f-555b-bf14-8b0fffa45f1c');
INSERT OR IGNORE INTO cocktail_tags (cocktail_id, tag_id) VALUES ('11107', '77905085-39ca-5b6f-af02-49581352decf');

INSERT OR REPLACE INTO cocktails (id, name, slug, description, method, garnish, glassware,  category, img, color, abv, time_to_make, vegan, gluten_free, steps_json) VALUES ('11040', 'Mezcal Negroni', 'mezcal-negroni', NULL, 'Combine all in mixing glass with ice.', NULL, 'Rocks', 'Mezcal', 'https://images.unsplash.com/photo-1534422298391-e4f8c172dddb?w=800&q=80', '#D44000', '24%', '3 min', 1, 1, '["Combine all in mixing glass with ice.", "Stir 30 seconds until well-chilled.", "Strain over large ice cube in rocks glass.", "Express orange peel, garnish."]');
INSERT OR REPLACE INTO cocktail_ingredients (cocktail_id, ingredient_id, amount, quantity, unit) VALUES ('11040', '7bf986bc-7184-5af8-9782-0dd80dbca171', '1 oz', NULL, NULL);
INSERT OR REPLACE INTO cocktail_ingredients (cocktail_id, ingredient_id, amount, quantity, unit) VALUES ('11040', 'e4f7bc04-ac20-5808-b17e-a96e1dd0739d', '1 oz', NULL, NULL);
INSERT OR REPLACE INTO cocktail_ingredients (cocktail_id, ingredient_id, amount, quantity, unit) VALUES ('11040', 'fed41e42-1957-5817-b0ba-2082a275562f', '1 oz', NULL, NULL);
INSERT OR IGNORE INTO cocktail_tags (cocktail_id, tag_id) VALUES ('11040', '753401e9-8fba-5501-83f9-bd7bbee27aa7');
INSERT OR IGNORE INTO cocktail_tags (cocktail_id, tag_id) VALUES ('11040', '78d1fea8-4069-5674-b588-69eb326129e3');
INSERT OR IGNORE INTO cocktail_tags (cocktail_id, tag_id) VALUES ('11040', 'fe57607f-2a4c-53c6-bc85-9e5c67d45046');

INSERT OR REPLACE INTO cocktails (id, name, slug, description, method, garnish, glassware,  category, img, color, abv, time_to_make, vegan, gluten_free, steps_json) VALUES ('11041', 'Oaxacan Old Fashioned', 'oaxacan-old-fashioned', NULL, 'Combine all ingredients in mixing glass with ice.', NULL, 'Rocks', 'Mezcal', 'https://images.unsplash.com/photo-1464305795204-6f5bbfc7fb81?w=800&q=80', '#D4A56A', '32%', '3 min', 1, 1, '["Combine all ingredients in mixing glass with ice.", "Stir 30 seconds until well-chilled.", "Strain over large ice cube in rocks glass.", "Garnish with flamed orange peel."]');
INSERT OR REPLACE INTO cocktail_ingredients (cocktail_id, ingredient_id, amount, quantity, unit) VALUES ('11041', 'b6e30591-3705-5d58-8b74-9addb01bba54', '1.5 oz', NULL, NULL);
INSERT OR REPLACE INTO cocktail_ingredients (cocktail_id, ingredient_id, amount, quantity, unit) VALUES ('11041', '7bf986bc-7184-5af8-9782-0dd80dbca171', '0.5 oz', NULL, NULL);
INSERT OR REPLACE INTO cocktail_ingredients (cocktail_id, ingredient_id, amount, quantity, unit) VALUES ('11041', 'd3fb0f07-1cee-592c-b06a-4bf98155ae2b', '1 tsp', NULL, NULL);
INSERT OR REPLACE INTO cocktail_ingredients (cocktail_id, ingredient_id, amount, quantity, unit) VALUES ('11041', 'e4dc4c41-1d17-5363-bc38-1ed4373afc72', '2 dashes', NULL, NULL);
INSERT OR IGNORE INTO cocktail_tags (cocktail_id, tag_id) VALUES ('11041', '753401e9-8fba-5501-83f9-bd7bbee27aa7');
INSERT OR IGNORE INTO cocktail_tags (cocktail_id, tag_id) VALUES ('11041', '7a1e7307-3401-5a9b-8c8f-4dc801f9472a');
INSERT OR IGNORE INTO cocktail_tags (cocktail_id, tag_id) VALUES ('11041', '77b95a71-f14c-59b2-9d4e-39c544314303');

INSERT OR REPLACE INTO cocktails (id, name, slug, description, method, garnish, glassware,  category, img, color, abv, time_to_make, vegan, gluten_free, steps_json) VALUES ('11110', 'Naked and Famous', 'naked-and-famous', NULL, 'Combine equal parts in shaker with ice.', NULL, 'Coupe', 'Mezcal', 'https://images.unsplash.com/photo-1559628233-100c798642d7?w=800&q=80', '#FF8C00', '22%', '2 min', 1, 1, '["Combine equal parts in shaker with ice.", "Shake and double-strain into chilled coupe.", "No garnish."]');
INSERT OR REPLACE INTO cocktail_ingredients (cocktail_id, ingredient_id, amount, quantity, unit) VALUES ('11110', '7bf986bc-7184-5af8-9782-0dd80dbca171', '0.75 oz', NULL, NULL);
INSERT OR REPLACE INTO cocktail_ingredients (cocktail_id, ingredient_id, amount, quantity, unit) VALUES ('11110', 'e8469ef4-dc80-53f2-8a60-9e5681833c61', '0.75 oz', NULL, NULL);
INSERT OR REPLACE INTO cocktail_ingredients (cocktail_id, ingredient_id, amount, quantity, unit) VALUES ('11110', 'b6fb317b-1b22-5392-8c58-4482da238b0b', '0.75 oz', NULL, NULL);
INSERT OR REPLACE INTO cocktail_ingredients (cocktail_id, ingredient_id, amount, quantity, unit) VALUES ('11110', 'bc42dfcc-dd49-578e-993c-397b4c88ab3c', '0.75 oz', NULL, NULL);
INSERT OR IGNORE INTO cocktail_tags (cocktail_id, tag_id) VALUES ('11110', '77b95a71-f14c-59b2-9d4e-39c544314303');
INSERT OR IGNORE INTO cocktail_tags (cocktail_id, tag_id) VALUES ('11110', '4aab48b3-237d-56b8-999a-15d81402802a');
INSERT OR IGNORE INTO cocktail_tags (cocktail_id, tag_id) VALUES ('11110', '753401e9-8fba-5501-83f9-bd7bbee27aa7');

INSERT OR REPLACE INTO cocktails (id, name, slug, description, method, garnish, glassware,  category, img, color, abv, time_to_make, vegan, gluten_free, steps_json) VALUES ('11108', 'Tequila Sunrise', 'tequila-sunrise', NULL, 'Fill highball glass with ice.', NULL, 'Highball', 'Tequila', 'https://www.thecocktaildb.com/images/media/drink/quqyqp1480879103.jpg', '#FF4500', '12%', '1 min', 1, 1, '["Fill highball glass with ice.", "Add tequila and orange juice, stir.", "Slowly pour grenadine down the side.", "Do not stir \u2014 let it create the sunrise gradient.", "Garnish with an orange slice and cherry."]');
INSERT OR REPLACE INTO cocktail_ingredients (cocktail_id, ingredient_id, amount, quantity, unit) VALUES ('11108', '733ad984-45ab-59b2-8bf3-c6ba1f05b6c7', '2 oz', NULL, NULL);
INSERT OR REPLACE INTO cocktail_ingredients (cocktail_id, ingredient_id, amount, quantity, unit) VALUES ('11108', 'b2fa83cb-248e-56ac-860a-3b1bb07a5559', '4 oz', NULL, NULL);
INSERT OR REPLACE INTO cocktail_ingredients (cocktail_id, ingredient_id, amount, quantity, unit) VALUES ('11108', 'e3daa50c-30cc-5e45-bafe-0148dcdbc1e7', '0.5 oz', NULL, NULL);
INSERT OR IGNORE INTO cocktail_tags (cocktail_id, tag_id) VALUES ('11108', 'b79aca0e-e377-5dbe-86a3-5d0df24e7cf7');
INSERT OR IGNORE INTO cocktail_tags (cocktail_id, tag_id) VALUES ('11108', '0ed1ac04-412f-555b-bf14-8b0fffa45f1c');
INSERT OR IGNORE INTO cocktail_tags (cocktail_id, tag_id) VALUES ('11108', '597af108-c351-5680-8b9f-8088c8b7f519');

INSERT OR REPLACE INTO cocktails (id, name, slug, description, method, garnish, glassware,  category, img, color, abv, time_to_make, vegan, gluten_free, steps_json) VALUES ('11109', 'El Diablo', 'el-diablo', NULL, 'Fill Collins glass with ice.', NULL, 'Collins', 'Tequila', 'https://images.unsplash.com/photo-1583418855763-6c51a16f9b72?w=800&q=80', '#8B0000', '12%', '1 min', 1, 1, '["Fill Collins glass with ice.", "Add tequila, cassis, and lime.", "Top with ginger beer.", "Stir gently. Garnish with a lime wedge."]');
INSERT OR REPLACE INTO cocktail_ingredients (cocktail_id, ingredient_id, amount, quantity, unit) VALUES ('11109', 'd67be4f9-fd34-5c3c-9d2e-f9984de5a978', '1.5 oz', NULL, NULL);
INSERT OR REPLACE INTO cocktail_ingredients (cocktail_id, ingredient_id, amount, quantity, unit) VALUES ('11109', '25a66fa0-9f2d-5419-9710-3456ed302991', '0.5 oz', NULL, NULL);
INSERT OR REPLACE INTO cocktail_ingredients (cocktail_id, ingredient_id, amount, quantity, unit) VALUES ('11109', 'bc42dfcc-dd49-578e-993c-397b4c88ab3c', '0.5 oz', NULL, NULL);
INSERT OR REPLACE INTO cocktail_ingredients (cocktail_id, ingredient_id, amount, quantity, unit) VALUES ('11109', 'a60ad94a-87ce-5796-804d-098d0090374c', '3 oz', NULL, NULL);
INSERT OR IGNORE INTO cocktail_tags (cocktail_id, tag_id) VALUES ('11109', 'b79aca0e-e377-5dbe-86a3-5d0df24e7cf7');
INSERT OR IGNORE INTO cocktail_tags (cocktail_id, tag_id) VALUES ('11109', '0ed1ac04-412f-555b-bf14-8b0fffa45f1c');
INSERT OR IGNORE INTO cocktail_tags (cocktail_id, tag_id) VALUES ('11109', '6f583b70-4a3f-5ce6-a216-16008986a58d');

INSERT OR REPLACE INTO cocktails (id, name, slug, description, method, garnish, glassware,  category, img, color, abv, time_to_make, vegan, gluten_free, steps_json) VALUES ('11050', 'Aperol Spritz', 'aperol-spritz', NULL, 'Fill wine glass with ice.', NULL, 'Wine', 'Aperitivo', 'https://www.thecocktaildb.com/images/media/drink/iloasq1587661955.jpg', '#FF8C00', '11%', '1 min', 1, 1, '["Fill wine glass with ice.", "Add Aperol.", "Top with Prosecco.", "Add a splash of soda water.", "Stir gently. Garnish with orange slice."]');
INSERT OR REPLACE INTO cocktail_ingredients (cocktail_id, ingredient_id, amount, quantity, unit) VALUES ('11050', 'e8469ef4-dc80-53f2-8a60-9e5681833c61', '3 oz', NULL, NULL);
INSERT OR REPLACE INTO cocktail_ingredients (cocktail_id, ingredient_id, amount, quantity, unit) VALUES ('11050', 'fb24a546-650e-5f3e-9874-fa4b6d55bc3f', '3 oz', NULL, NULL);
INSERT OR REPLACE INTO cocktail_ingredients (cocktail_id, ingredient_id, amount, quantity, unit) VALUES ('11050', '18c02f8a-6144-58ee-9014-07524d996ca5', '1 oz', NULL, NULL);
INSERT OR IGNORE INTO cocktail_tags (cocktail_id, tag_id) VALUES ('11050', 'b79aca0e-e377-5dbe-86a3-5d0df24e7cf7');
INSERT OR IGNORE INTO cocktail_tags (cocktail_id, tag_id) VALUES ('11050', '2700f3d2-4979-5974-9bab-fac6c0641119');
INSERT OR IGNORE INTO cocktail_tags (cocktail_id, tag_id) VALUES ('11050', 'fe57607f-2a4c-53c6-bc85-9e5c67d45046');
INSERT OR IGNORE INTO cocktail_tags (cocktail_id, tag_id) VALUES ('11050', 'e5f9cf1e-0cf3-58c6-9b83-f7b8e5309857');

INSERT OR REPLACE INTO cocktails (id, name, slug, description, method, garnish, glassware,  category, img, color, abv, time_to_make, vegan, gluten_free, steps_json) VALUES ('11051', 'Americano', 'americano', NULL, 'Fill rocks glass with ice.', NULL, 'Rocks', 'Aperitivo', 'https://www.thecocktaildb.com/images/media/drink/709s6m1613655124.jpg', '#D44000', '12%', '1 min', 1, 1, '["Fill rocks glass with ice.", "Add Campari and sweet vermouth.", "Top with a splash of soda water.", "Stir gently. Garnish with orange peel."]');
INSERT OR REPLACE INTO cocktail_ingredients (cocktail_id, ingredient_id, amount, quantity, unit) VALUES ('11051', 'e4f7bc04-ac20-5808-b17e-a96e1dd0739d', '1.5 oz', NULL, NULL);
INSERT OR REPLACE INTO cocktail_ingredients (cocktail_id, ingredient_id, amount, quantity, unit) VALUES ('11051', 'fed41e42-1957-5817-b0ba-2082a275562f', '1.5 oz', NULL, NULL);
INSERT OR REPLACE INTO cocktail_ingredients (cocktail_id, ingredient_id, amount, quantity, unit) VALUES ('11051', '18c02f8a-6144-58ee-9014-07524d996ca5', 'splash', NULL, NULL);
INSERT OR IGNORE INTO cocktail_tags (cocktail_id, tag_id) VALUES ('11051', 'b79aca0e-e377-5dbe-86a3-5d0df24e7cf7');
INSERT OR IGNORE INTO cocktail_tags (cocktail_id, tag_id) VALUES ('11051', '2700f3d2-4979-5974-9bab-fac6c0641119');
INSERT OR IGNORE INTO cocktail_tags (cocktail_id, tag_id) VALUES ('11051', 'fe57607f-2a4c-53c6-bc85-9e5c67d45046');

INSERT OR REPLACE INTO cocktails (id, name, slug, description, method, garnish, glassware,  category, img, color, abv, time_to_make, vegan, gluten_free, steps_json) VALUES ('11112', 'Garibaldi', 'garibaldi', NULL, 'Fill highball with ice.', NULL, 'Highball', 'Aperitivo', 'https://images.unsplash.com/photo-1525385444278-b7968a0f4284?w=800&q=80', '#FF4500', '10%', '1 min', 1, 1, '["Fill highball with ice.", "Add Campari.", "Juice oranges directly into glass (or pour and fluff).", "Stir gently. Garnish with orange slice."]');
INSERT OR REPLACE INTO cocktail_ingredients (cocktail_id, ingredient_id, amount, quantity, unit) VALUES ('11112', 'e4f7bc04-ac20-5808-b17e-a96e1dd0739d', '2 oz', NULL, NULL);
INSERT OR REPLACE INTO cocktail_ingredients (cocktail_id, ingredient_id, amount, quantity, unit) VALUES ('11112', 'f7b93b28-67ac-5831-87f8-972eff35430b', '4 oz (freshly juiced)', NULL, NULL);
INSERT OR IGNORE INTO cocktail_tags (cocktail_id, tag_id) VALUES ('11112', '2700f3d2-4979-5974-9bab-fac6c0641119');
INSERT OR IGNORE INTO cocktail_tags (cocktail_id, tag_id) VALUES ('11112', 'fe57607f-2a4c-53c6-bc85-9e5c67d45046');
INSERT OR IGNORE INTO cocktail_tags (cocktail_id, tag_id) VALUES ('11112', 'b33f34a8-983e-5781-aa25-c131a794f7c5');

INSERT OR REPLACE INTO cocktails (id, name, slug, description, method, garnish, glassware,  category, img, color, abv, time_to_make, vegan, gluten_free, steps_json) VALUES ('11115', 'Aperol Hugo', 'aperol-hugo', NULL, 'Fill wine glass with ice.', NULL, 'Wine', 'Aperitivo', 'https://images.unsplash.com/photo-1502819682485-4bfc47a3ef35?w=800&q=80', '#FFA500', '10%', '1 min', 1, 1, '["Fill wine glass with ice.", "Add Aperol and elderflower liqueur.", "Top with Prosecco and soda.", "Stir gently. Garnish with mint and lime wheel."]');
INSERT OR REPLACE INTO cocktail_ingredients (cocktail_id, ingredient_id, amount, quantity, unit) VALUES ('11115', 'e8469ef4-dc80-53f2-8a60-9e5681833c61', '1 oz', NULL, NULL);
INSERT OR REPLACE INTO cocktail_ingredients (cocktail_id, ingredient_id, amount, quantity, unit) VALUES ('11115', 'a4ae94d2-65eb-54a0-a9b4-d961ebbb3a5a', '0.5 oz', NULL, NULL);
INSERT OR REPLACE INTO cocktail_ingredients (cocktail_id, ingredient_id, amount, quantity, unit) VALUES ('11115', 'fb24a546-650e-5f3e-9874-fa4b6d55bc3f', '3 oz', NULL, NULL);
INSERT OR REPLACE INTO cocktail_ingredients (cocktail_id, ingredient_id, amount, quantity, unit) VALUES ('11115', '18c02f8a-6144-58ee-9014-07524d996ca5', '1 oz', NULL, NULL);
INSERT OR REPLACE INTO cocktail_ingredients (cocktail_id, ingredient_id, amount, quantity, unit) VALUES ('11115', '612797fa-6093-5e3b-b34f-8a80339878e2', '2 sprigs', NULL, NULL);
INSERT OR IGNORE INTO cocktail_tags (cocktail_id, tag_id) VALUES ('11115', '2700f3d2-4979-5974-9bab-fac6c0641119');
INSERT OR IGNORE INTO cocktail_tags (cocktail_id, tag_id) VALUES ('11115', 'e5f9cf1e-0cf3-58c6-9b83-f7b8e5309857');
INSERT OR IGNORE INTO cocktail_tags (cocktail_id, tag_id) VALUES ('11115', 'b174044b-6b32-5b14-bc11-15f10ebe7cda');
INSERT OR IGNORE INTO cocktail_tags (cocktail_id, tag_id) VALUES ('11115', 'fe57607f-2a4c-53c6-bc85-9e5c67d45046');

INSERT OR REPLACE INTO cocktails (id, name, slug, description, method, garnish, glassware,  category, img, color, abv, time_to_make, vegan, gluten_free, steps_json) VALUES ('11070', 'Bellini', 'bellini', NULL, 'Pour peach purée into chilled flute.', NULL, 'Flute', 'Champagne', 'https://www.thecocktaildb.com/images/media/drink/eaag491504367543.jpg', '#FFDAB9', '10%', '1 min', 1, 1, '["Pour peach pur\u00e9e into chilled flute.", "Slowly pour Prosecco over pur\u00e9e.", "Stir gently once.", "Serve immediately."]');
INSERT OR REPLACE INTO cocktail_ingredients (cocktail_id, ingredient_id, amount, quantity, unit) VALUES ('11070', 'fb24a546-650e-5f3e-9874-fa4b6d55bc3f', '4 oz', NULL, NULL);
INSERT OR REPLACE INTO cocktail_ingredients (cocktail_id, ingredient_id, amount, quantity, unit) VALUES ('11070', 'aa4bddc6-9ea4-5ae8-980d-1dd9ad556ca3', '2 oz', NULL, NULL);
INSERT OR IGNORE INTO cocktail_tags (cocktail_id, tag_id) VALUES ('11070', '364c4db9-ad28-5b42-98f9-82b4af8bd4bb');
INSERT OR IGNORE INTO cocktail_tags (cocktail_id, tag_id) VALUES ('11070', 'a335a450-b69b-5a49-81da-faba777071b8');
INSERT OR IGNORE INTO cocktail_tags (cocktail_id, tag_id) VALUES ('11070', 'e5f9cf1e-0cf3-58c6-9b83-f7b8e5309857');
INSERT OR IGNORE INTO cocktail_tags (cocktail_id, tag_id) VALUES ('11070', '2700f3d2-4979-5974-9bab-fac6c0641119');

INSERT OR REPLACE INTO cocktails (id, name, slug, description, method, garnish, glassware,  category, img, color, abv, time_to_make, vegan, gluten_free, steps_json) VALUES ('11071', 'Mimosa', 'mimosa', NULL, 'Chill flute.', NULL, 'Flute', 'Champagne', 'https://www.thecocktaildb.com/images/media/drink/juhcuu1504370685.jpg', '#FFA500', '8%', '1 min', 1, 1, '["Chill flute.", "Pour orange juice first.", "Slowly top with champagne.", "Do not stir."]');
INSERT OR REPLACE INTO cocktail_ingredients (cocktail_id, ingredient_id, amount, quantity, unit) VALUES ('11071', 'af380b2e-0b20-5221-858a-7945bc23a253', '3 oz', NULL, NULL);
INSERT OR REPLACE INTO cocktail_ingredients (cocktail_id, ingredient_id, amount, quantity, unit) VALUES ('11071', 'b2fa83cb-248e-56ac-860a-3b1bb07a5559', '3 oz', NULL, NULL);
INSERT OR IGNORE INTO cocktail_tags (cocktail_id, tag_id) VALUES ('11071', '364c4db9-ad28-5b42-98f9-82b4af8bd4bb');
INSERT OR IGNORE INTO cocktail_tags (cocktail_id, tag_id) VALUES ('11071', 'b79aca0e-e377-5dbe-86a3-5d0df24e7cf7');
INSERT OR IGNORE INTO cocktail_tags (cocktail_id, tag_id) VALUES ('11071', '2700f3d2-4979-5974-9bab-fac6c0641119');

INSERT OR REPLACE INTO cocktails (id, name, slug, description, method, garnish, glassware,  category, img, color, abv, time_to_make, vegan, gluten_free, steps_json) VALUES ('11113', 'Kir Royale', 'kir-royale', NULL, 'Pour crème de cassis into chilled flute.', NULL, 'Flute', 'Champagne', 'https://www.thecocktaildb.com/images/media/drink/yt9i7n1504370388.jpg', '#8B2635', '10%', '1 min', 1, 1, '["Pour cr\u00e8me de cassis into chilled flute.", "Slowly top with chilled champagne.", "Do not stir.", "Garnish with a fresh blackberry."]');
INSERT OR REPLACE INTO cocktail_ingredients (cocktail_id, ingredient_id, amount, quantity, unit) VALUES ('11113', '25a66fa0-9f2d-5419-9710-3456ed302991', '0.5 oz', NULL, NULL);
INSERT OR REPLACE INTO cocktail_ingredients (cocktail_id, ingredient_id, amount, quantity, unit) VALUES ('11113', 'af380b2e-0b20-5221-858a-7945bc23a253', '5 oz', NULL, NULL);
INSERT OR IGNORE INTO cocktail_tags (cocktail_id, tag_id) VALUES ('11113', 'b79aca0e-e377-5dbe-86a3-5d0df24e7cf7');
INSERT OR IGNORE INTO cocktail_tags (cocktail_id, tag_id) VALUES ('11113', 'e5f9cf1e-0cf3-58c6-9b83-f7b8e5309857');
INSERT OR IGNORE INTO cocktail_tags (cocktail_id, tag_id) VALUES ('11113', '75790cb2-495a-579d-afb7-473a02d2d77f');
INSERT OR IGNORE INTO cocktail_tags (cocktail_id, tag_id) VALUES ('11113', '2700f3d2-4979-5974-9bab-fac6c0641119');

INSERT OR REPLACE INTO cocktails (id, name, slug, description, method, garnish, glassware,  category, img, color, abv, time_to_make, vegan, gluten_free, steps_json) VALUES ('11060', 'Sidecar', 'sidecar', NULL, 'Sugar rim coupe (optional).', NULL, 'Coupe', 'Brandy', 'https://www.thecocktaildb.com/images/media/drink/x72sik1606854964.jpg', '#F5E6CA', '26%', '2 min', 1, 1, '["Sugar rim coupe (optional).", "Combine all in shaker with ice.", "Shake hard 12 seconds.", "Strain into prepared coupe.", "Garnish with a lemon twist."]');
INSERT OR REPLACE INTO cocktail_ingredients (cocktail_id, ingredient_id, amount, quantity, unit) VALUES ('11060', 'b8e510e9-b849-587e-a70d-9cc7a62f5227', '2 oz', NULL, NULL);
INSERT OR REPLACE INTO cocktail_ingredients (cocktail_id, ingredient_id, amount, quantity, unit) VALUES ('11060', 'eeceb7d4-a8ba-5ec5-8b1c-f666a05e9fd2', '0.75 oz', NULL, NULL);
INSERT OR REPLACE INTO cocktail_ingredients (cocktail_id, ingredient_id, amount, quantity, unit) VALUES ('11060', 'c31a3116-c58a-51ad-8cb2-5ad6ee7cddb2', '0.75 oz', NULL, NULL);
INSERT OR IGNORE INTO cocktail_tags (cocktail_id, tag_id) VALUES ('11060', 'b79aca0e-e377-5dbe-86a3-5d0df24e7cf7');
INSERT OR IGNORE INTO cocktail_tags (cocktail_id, tag_id) VALUES ('11060', 'a3119315-1c87-5a8f-8ebc-fd0dfeac0b19');
INSERT OR IGNORE INTO cocktail_tags (cocktail_id, tag_id) VALUES ('11060', '8812c607-0b9a-5e2d-8d5b-04fbb9d82768');

INSERT OR REPLACE INTO cocktails (id, name, slug, description, method, garnish, glassware,  category, img, color, abv, time_to_make, vegan, gluten_free, steps_json) VALUES ('11116', 'Brandy Alexander', 'brandy-alexander', NULL, 'Combine all in shaker with ice.', NULL, 'Coupe', 'Brandy', 'https://images.unsplash.com/photo-1541614101331-1a5a3a194e92?w=800&q=80', '#F5E6CA', '22%', '2 min', 1, 1, '["Combine all in shaker with ice.", "Shake vigorously 12 seconds.", "Strain into chilled coupe.", "Garnish with fresh grated nutmeg."]');
INSERT OR REPLACE INTO cocktail_ingredients (cocktail_id, ingredient_id, amount, quantity, unit) VALUES ('11116', 'b8e510e9-b849-587e-a70d-9cc7a62f5227', '1.5 oz', NULL, NULL);
INSERT OR REPLACE INTO cocktail_ingredients (cocktail_id, ingredient_id, amount, quantity, unit) VALUES ('11116', '673903a3-9f53-55b0-bec7-82dc7c9580d2', '1 oz', NULL, NULL);
INSERT OR REPLACE INTO cocktail_ingredients (cocktail_id, ingredient_id, amount, quantity, unit) VALUES ('11116', 'b9d867b9-9c3a-559d-a43f-d1e4f018a0b4', '1 oz', NULL, NULL);
INSERT OR IGNORE INTO cocktail_tags (cocktail_id, tag_id) VALUES ('11116', 'b79aca0e-e377-5dbe-86a3-5d0df24e7cf7');
INSERT OR IGNORE INTO cocktail_tags (cocktail_id, tag_id) VALUES ('11116', '54016b37-b086-5a07-b3c9-4f768d6da3ca');
INSERT OR IGNORE INTO cocktail_tags (cocktail_id, tag_id) VALUES ('11116', '86efbea8-98b3-5164-8ebb-78c0cb4ce109');

INSERT OR REPLACE INTO cocktails (id, name, slug, description, method, garnish, glassware,  category, img, color, abv, time_to_make, vegan, gluten_free, steps_json) VALUES ('11128', 'Stinger', 'stinger', NULL, 'Combine all in shaker with ice.', NULL, 'Coupe', 'Brandy', 'https://www.thecocktaildb.com/images/media/drink/2ahv791504352433.jpg', '#F0F0E8', '28%', '2 min', 1, 1, '["Combine all in shaker with ice.", "Shake vigorously 12 seconds.", "Strain into chilled coupe.", "Garnish with a mint leaf."]');
INSERT OR REPLACE INTO cocktail_ingredients (cocktail_id, ingredient_id, amount, quantity, unit) VALUES ('11128', 'b8e510e9-b849-587e-a70d-9cc7a62f5227', '2 oz', NULL, NULL);
INSERT OR REPLACE INTO cocktail_ingredients (cocktail_id, ingredient_id, amount, quantity, unit) VALUES ('11128', 'c40bdebd-cbc2-5a3d-b8dd-36efdc59e7b1', '0.75 oz', NULL, NULL);
INSERT OR IGNORE INTO cocktail_tags (cocktail_id, tag_id) VALUES ('11128', 'b79aca0e-e377-5dbe-86a3-5d0df24e7cf7');
INSERT OR IGNORE INTO cocktail_tags (cocktail_id, tag_id) VALUES ('11128', '86efbea8-98b3-5164-8ebb-78c0cb4ce109');
INSERT OR IGNORE INTO cocktail_tags (cocktail_id, tag_id) VALUES ('11128', 'b7fe3f19-24bc-53fd-a8d0-c78ad80e0776');

INSERT OR REPLACE INTO cocktails (id, name, slug, description, method, garnish, glassware,  category, img, color, abv, time_to_make, vegan, gluten_free, steps_json) VALUES ('11129', 'Between the Sheets', 'between-the-sheets', NULL, 'Combine all in shaker with ice.', NULL, 'Coupe', 'Brandy', 'https://images.unsplash.com/photo-1506377247377-2a5b3b417ebb?w=800&q=80', '#F5E6CA', '26%', '2 min', 1, 1, '["Combine all in shaker with ice.", "Shake and double-strain into chilled coupe.", "Garnish with a lemon twist."]');
INSERT OR REPLACE INTO cocktail_ingredients (cocktail_id, ingredient_id, amount, quantity, unit) VALUES ('11129', 'b8e510e9-b849-587e-a70d-9cc7a62f5227', '1 oz', NULL, NULL);
INSERT OR REPLACE INTO cocktail_ingredients (cocktail_id, ingredient_id, amount, quantity, unit) VALUES ('11129', '8ccdb459-b14f-5622-8fc1-c1a69239c7f4', '1 oz', NULL, NULL);
INSERT OR REPLACE INTO cocktail_ingredients (cocktail_id, ingredient_id, amount, quantity, unit) VALUES ('11129', 'eeceb7d4-a8ba-5ec5-8b1c-f666a05e9fd2', '1 oz', NULL, NULL);
INSERT OR REPLACE INTO cocktail_ingredients (cocktail_id, ingredient_id, amount, quantity, unit) VALUES ('11129', 'c31a3116-c58a-51ad-8cb2-5ad6ee7cddb2', '0.5 oz', NULL, NULL);
INSERT OR IGNORE INTO cocktail_tags (cocktail_id, tag_id) VALUES ('11129', 'b79aca0e-e377-5dbe-86a3-5d0df24e7cf7');
INSERT OR IGNORE INTO cocktail_tags (cocktail_id, tag_id) VALUES ('11129', 'a3119315-1c87-5a8f-8ebc-fd0dfeac0b19');
INSERT OR IGNORE INTO cocktail_tags (cocktail_id, tag_id) VALUES ('11129', 'ad2edbfd-b11c-5564-bd46-2d73fd101aeb');

INSERT OR REPLACE INTO cocktails (id, name, slug, description, method, garnish, glassware,  category, img, color, abv, time_to_make, vegan, gluten_free, steps_json) VALUES ('11111', 'Pisco Sour', 'pisco-sour', NULL, 'Dry shake all ingredients 15 seconds.', NULL, 'Coupe', 'Pisco', 'https://www.thecocktaildb.com/images/media/drink/tsssur1439907622.jpg', '#F5E6CA', '20%', '3 min', 1, 1, '["Dry shake all ingredients 15 seconds.", "Add ice and shake hard 12 seconds.", "Strain into chilled coupe.", "Apply 3 drops Angostura bitters on foam, draw pattern with toothpick."]');
INSERT OR REPLACE INTO cocktail_ingredients (cocktail_id, ingredient_id, amount, quantity, unit) VALUES ('11111', '36191a26-8872-5c70-8e90-96030f085c81', '2 oz', NULL, NULL);
INSERT OR REPLACE INTO cocktail_ingredients (cocktail_id, ingredient_id, amount, quantity, unit) VALUES ('11111', 'bc42dfcc-dd49-578e-993c-397b4c88ab3c', '1 oz', NULL, NULL);
INSERT OR REPLACE INTO cocktail_ingredients (cocktail_id, ingredient_id, amount, quantity, unit) VALUES ('11111', '3752bef2-388d-5b7d-a256-b65589dc0b75', '0.75 oz', NULL, NULL);
INSERT OR REPLACE INTO cocktail_ingredients (cocktail_id, ingredient_id, amount, quantity, unit) VALUES ('11111', 'd539376e-89bf-55f6-aabc-2b6da5bdbc22', '1', NULL, NULL);
INSERT OR IGNORE INTO cocktail_tags (cocktail_id, tag_id) VALUES ('11111', 'b79aca0e-e377-5dbe-86a3-5d0df24e7cf7');
INSERT OR IGNORE INTO cocktail_tags (cocktail_id, tag_id) VALUES ('11111', 'a3119315-1c87-5a8f-8ebc-fd0dfeac0b19');
INSERT OR IGNORE INTO cocktail_tags (cocktail_id, tag_id) VALUES ('11111', '1854ab96-1d10-5c37-8441-fde64c590c57');

INSERT OR REPLACE INTO cocktails (id, name, slug, description, method, garnish, glassware,  category, img, color, abv, time_to_make, vegan, gluten_free, steps_json) VALUES ('11119', 'Amaretto Sour', 'amaretto-sour', NULL, 'Dry shake all ingredients 15 seconds.', NULL, 'Rocks', 'Amaretto', 'https://images.unsplash.com/photo-1578985545062-69928b1d9587?w=800&q=80', '#D4A56A', '20%', '3 min', 1, 1, '["Dry shake all ingredients 15 seconds.", "Add ice and shake hard 12 seconds.", "Strain over large ice in rocks glass.", "Garnish with a lemon wheel and brandied cherry."]');
INSERT OR REPLACE INTO cocktail_ingredients (cocktail_id, ingredient_id, amount, quantity, unit) VALUES ('11119', '5941202e-9c47-59ac-aaa2-d6e7fe0b51a8', '1.5 oz', NULL, NULL);
INSERT OR REPLACE INTO cocktail_ingredients (cocktail_id, ingredient_id, amount, quantity, unit) VALUES ('11119', '83590b98-5074-5035-a1d7-409d18740247', '0.75 oz', NULL, NULL);
INSERT OR REPLACE INTO cocktail_ingredients (cocktail_id, ingredient_id, amount, quantity, unit) VALUES ('11119', 'c31a3116-c58a-51ad-8cb2-5ad6ee7cddb2', '1 oz', NULL, NULL);
INSERT OR REPLACE INTO cocktail_ingredients (cocktail_id, ingredient_id, amount, quantity, unit) VALUES ('11119', '3752bef2-388d-5b7d-a256-b65589dc0b75', '0.25 oz', NULL, NULL);
INSERT OR REPLACE INTO cocktail_ingredients (cocktail_id, ingredient_id, amount, quantity, unit) VALUES ('11119', 'd539376e-89bf-55f6-aabc-2b6da5bdbc22', '1', NULL, NULL);
INSERT OR IGNORE INTO cocktail_tags (cocktail_id, tag_id) VALUES ('11119', '77b95a71-f14c-59b2-9d4e-39c544314303');
INSERT OR IGNORE INTO cocktail_tags (cocktail_id, tag_id) VALUES ('11119', 'a3119315-1c87-5a8f-8ebc-fd0dfeac0b19');
INSERT OR IGNORE INTO cocktail_tags (cocktail_id, tag_id) VALUES ('11119', '16e44a2a-87fe-59c4-8ecc-836bc7e68773');

INSERT OR REPLACE INTO cocktails (id, name, slug, description, method, garnish, glassware,  category, img, color, abv, time_to_make, vegan, gluten_free, steps_json) VALUES ('11127', 'Grasshopper', 'grasshopper', NULL, 'Combine all in shaker with ice.', NULL, 'Coupe', 'Liqueur', 'https://www.thecocktaildb.com/images/media/drink/aqm9el1504369613.jpg', '#C8E6C9', '18%', '2 min', 1, 1, '["Combine all in shaker with ice.", "Shake vigorously 12 seconds.", "Strain into chilled coupe.", "Garnish with a mint sprig."]');
INSERT OR REPLACE INTO cocktail_ingredients (cocktail_id, ingredient_id, amount, quantity, unit) VALUES ('11127', 'b79d3369-5fdb-5fea-bf8f-0bc390d8a696', '1 oz', NULL, NULL);
INSERT OR REPLACE INTO cocktail_ingredients (cocktail_id, ingredient_id, amount, quantity, unit) VALUES ('11127', '7e59133c-644a-5e26-91fe-4e5fb0536367', '1 oz', NULL, NULL);
INSERT OR REPLACE INTO cocktail_ingredients (cocktail_id, ingredient_id, amount, quantity, unit) VALUES ('11127', 'b9d867b9-9c3a-559d-a43f-d1e4f018a0b4', '1 oz', NULL, NULL);
INSERT OR IGNORE INTO cocktail_tags (cocktail_id, tag_id) VALUES ('11127', 'b79aca0e-e377-5dbe-86a3-5d0df24e7cf7');
INSERT OR IGNORE INTO cocktail_tags (cocktail_id, tag_id) VALUES ('11127', '54016b37-b086-5a07-b3c9-4f768d6da3ca');
INSERT OR IGNORE INTO cocktail_tags (cocktail_id, tag_id) VALUES ('11127', '86efbea8-98b3-5164-8ebb-78c0cb4ce109');

