-- Auto-generated seed — do not edit manually
-- Generated by apps/api/generate_seed_sql.mjs
-- Run:  node apps/api/generate_seed_sql.mjs > apps/api/seed.sql

-- ingredients
INSERT OR IGNORE INTO ingredients (id, name, category) VALUES ('56a9f5f6-41fb-4f0d-9d2e-632807d8c3bd', 'Tequila Blanco', 'spirit');
INSERT OR IGNORE INTO ingredients (id, name, category) VALUES ('a98e8f50-4b20-4231-9cb5-5073d0886fd3', 'Fresh Lime Juice', 'juice');
INSERT OR IGNORE INTO ingredients (id, name, category) VALUES ('b55a5a4f-7624-4352-b773-63232f021a41', 'Cointreau', 'spirit');
INSERT OR IGNORE INTO ingredients (id, name, category) VALUES ('35b3a3ea-fcb2-4475-9690-530f22deeef4', 'Agave Syrup', 'syrup');
INSERT OR IGNORE INTO ingredients (id, name, category) VALUES ('48dd3cd9-7cf4-413a-b227-db32974e0fd7', 'Kosher Salt', 'other');
INSERT OR IGNORE INTO ingredients (id, name, category) VALUES ('1449f43f-49a4-4c4c-805e-b6a7c7a7ffd8', 'Fresh Grapefruit Juice', 'juice');
INSERT OR IGNORE INTO ingredients (id, name, category) VALUES ('a854c3fb-2e77-4b54-9350-940f212c98a9', 'Pinch of Salt', 'other');
INSERT OR IGNORE INTO ingredients (id, name, category) VALUES ('4801e6e6-deee-41a6-b83f-b16c6006bd8c', 'Soda Water', 'other');
INSERT OR IGNORE INTO ingredients (id, name, category) VALUES ('9536a4c0-0b49-454c-9281-a398f09ade6d', 'Fresh Jalapeño', 'other');
INSERT OR IGNORE INTO ingredients (id, name, category) VALUES ('69cd06a3-f73a-4bfe-99e2-8c72871d551d', 'White Rum', 'spirit');
INSERT OR IGNORE INTO ingredients (id, name, category) VALUES ('b23f0cc8-15bb-49b5-8f06-923bbbf2ae0d', 'Simple Syrup', 'syrup');
INSERT OR IGNORE INTO ingredients (id, name, category) VALUES ('cd84474d-0d9f-42ed-bcdc-8693f26d6ac4', 'Fresh Mint', 'other');
INSERT OR IGNORE INTO ingredients (id, name, category) VALUES ('47e46444-6d3a-4856-99cc-4f84d5d1b5d8', 'Coconut Cream', 'other');
INSERT OR IGNORE INTO ingredients (id, name, category) VALUES ('a2ed036b-5e8b-4ca6-8be1-520c6a5c2d8e', 'Pineapple Juice', 'juice');
INSERT OR IGNORE INTO ingredients (id, name, category) VALUES ('2138a97b-16ad-4b7f-9f8d-938d418432b5', 'Bourbon or Rye', 'spirit');
INSERT OR IGNORE INTO ingredients (id, name, category) VALUES ('88d034dc-ce49-4c9b-95cf-a76dbd292b3c', 'Angostura Bitters', 'other');
INSERT OR IGNORE INTO ingredients (id, name, category) VALUES ('3552968a-272e-4bb0-b468-dc573b327382', 'Orange Bitters', 'other');
INSERT OR IGNORE INTO ingredients (id, name, category) VALUES ('878de78a-0954-46d6-9566-81f9d7b274b7', 'Rye Whiskey', 'spirit');
INSERT OR IGNORE INTO ingredients (id, name, category) VALUES ('41be3597-388e-4032-9f43-a447db82617a', 'Sweet Vermouth', 'liqueur');
INSERT OR IGNORE INTO ingredients (id, name, category) VALUES ('4138c170-82e0-4c37-bd5c-e95ec0764d17', 'Bourbon', 'spirit');
INSERT OR IGNORE INTO ingredients (id, name, category) VALUES ('874b88ae-a253-4d0c-9de9-37667c3b1fb2', 'Fresh Lemon Juice', 'juice');
INSERT OR IGNORE INTO ingredients (id, name, category) VALUES ('6f6a25ee-cb6c-4e6c-9eff-bda09dd61a48', 'Egg White', 'other');
INSERT OR IGNORE INTO ingredients (id, name, category) VALUES ('61855d87-3c0d-4dee-a313-8546fff0ba9a', 'Demerara Syrup', 'syrup');
INSERT OR IGNORE INTO ingredients (id, name, category) VALUES ('2c4fa510-ba86-4c22-922b-142c0be89565', 'Peychaud''s Bitters', 'other');
INSERT OR IGNORE INTO ingredients (id, name, category) VALUES ('33d2d3de-8cf3-45ee-8679-47cd2b1b9c93', 'Absinthe', 'spirit');
INSERT OR IGNORE INTO ingredients (id, name, category) VALUES ('7edde555-3003-4b37-9244-8625ceead3a3', 'Powdered Sugar', 'other');
INSERT OR IGNORE INTO ingredients (id, name, category) VALUES ('295ca3b8-4c36-4dfc-a6b8-33783a38ae4d', 'Gin', 'spirit');
INSERT OR IGNORE INTO ingredients (id, name, category) VALUES ('40c256ce-a292-4d9a-b185-43626cadb1a3', 'Campari', 'spirit');
INSERT OR IGNORE INTO ingredients (id, name, category) VALUES ('2631a5d9-0ae0-493d-8d12-140aa0589047', 'Dry Vermouth', 'liqueur');
INSERT OR IGNORE INTO ingredients (id, name, category) VALUES ('28ff8441-c551-4feb-b111-a76b91509805', 'Champagne', 'liqueur');
INSERT OR IGNORE INTO ingredients (id, name, category) VALUES ('65565d43-9909-4b1d-9eee-8f4fed60c99e', 'Vodka', 'spirit');
INSERT OR IGNORE INTO ingredients (id, name, category) VALUES ('475b8801-7fd3-489a-895b-154d9a83bc51', 'Kahlúa', 'spirit');
INSERT OR IGNORE INTO ingredients (id, name, category) VALUES ('d02b5f8d-0ecb-481f-a78d-7e482c8e0a49', 'Freshly Brewed Espresso', 'other');
INSERT OR IGNORE INTO ingredients (id, name, category) VALUES ('107aa5f9-9025-47d7-b64d-080a9c9bec00', 'Citrus Vodka', 'spirit');
INSERT OR IGNORE INTO ingredients (id, name, category) VALUES ('09535e29-9d4f-476b-9189-f38983137806', 'Cranberry Juice', 'juice');
INSERT OR IGNORE INTO ingredients (id, name, category) VALUES ('873e7d34-eb3f-436f-a8ad-6cca035ec3bd', 'Ginger Beer', 'spirit');
INSERT OR IGNORE INTO ingredients (id, name, category) VALUES ('3b9b1170-1420-4de3-89ad-06bd8027d4b0', 'Tomato Juice', 'juice');
INSERT OR IGNORE INTO ingredients (id, name, category) VALUES ('dde9c9a8-bdb1-4251-bfb8-e050fa126afc', 'Worcestershire Sauce', 'other');
INSERT OR IGNORE INTO ingredients (id, name, category) VALUES ('18dd8890-e158-41e6-bc1d-bf1eb21bd1ac', 'Hot Sauce', 'other');
INSERT OR IGNORE INTO ingredients (id, name, category) VALUES ('c7136c0e-d082-4ec0-8ab9-6981a3d610dd', 'Celery Salt', 'other');
INSERT OR IGNORE INTO ingredients (id, name, category) VALUES ('a48b506d-bdbf-4066-b9e3-5bc3efa41408', 'Black Pepper', 'other');
INSERT OR IGNORE INTO ingredients (id, name, category) VALUES ('910a7d3e-9161-4058-b5ba-cbdab63f777d', 'Mezcal', 'spirit');
INSERT OR IGNORE INTO ingredients (id, name, category) VALUES ('72de9394-7ce3-4827-bc69-167edc863f80', 'Reposado Tequila', 'spirit');
INSERT OR IGNORE INTO ingredients (id, name, category) VALUES ('4213003d-34fb-41fd-b46d-955adcbfa614', 'Mole Bitters', 'other');
INSERT OR IGNORE INTO ingredients (id, name, category) VALUES ('d006c13c-1c00-49d1-8735-36fe58f162d2', 'Aperol', 'spirit');
INSERT OR IGNORE INTO ingredients (id, name, category) VALUES ('3b8278c1-385c-4a87-ac7f-474316b49200', 'Prosecco', 'liqueur');
INSERT OR IGNORE INTO ingredients (id, name, category) VALUES ('37ad93d8-cf7d-470f-901d-93cf911d1b8d', 'Cognac', 'spirit');
INSERT OR IGNORE INTO ingredients (id, name, category) VALUES ('31d3c131-fa8f-4532-ab07-a0dd1c64d410', 'White Peach Purée', 'juice');
INSERT OR IGNORE INTO ingredients (id, name, category) VALUES ('c50baece-edd3-43c8-b56e-90a4c62b9cd2', 'Champagne or Prosecco', 'liqueur');
INSERT OR IGNORE INTO ingredients (id, name, category) VALUES ('19d43c75-4d71-4cfc-872a-c9ca1d004674', 'Fresh Orange Juice', 'juice');
INSERT OR IGNORE INTO ingredients (id, name, category) VALUES ('0b3e546b-9599-4532-8a30-5a540987518e', 'Blended Scotch', 'other');
INSERT OR IGNORE INTO ingredients (id, name, category) VALUES ('d94f3571-a79c-49dc-9650-222c1b0bb8c0', 'Honey-Ginger Syrup', 'spirit');
INSERT OR IGNORE INTO ingredients (id, name, category) VALUES ('4d9570cb-a2a1-48de-a588-74682c62c250', 'Islay Scotch Float', 'other');
INSERT OR IGNORE INTO ingredients (id, name, category) VALUES ('0788d5a6-87b0-4692-bd12-8fd1be67d585', 'Crème de Mûre', 'liqueur');
INSERT OR IGNORE INTO ingredients (id, name, category) VALUES ('d930f7d6-23e5-49e2-81c1-7c1cbc8c21b6', 'Honey Syrup', 'syrup');
INSERT OR IGNORE INTO ingredients (id, name, category) VALUES ('2862b49b-626c-4078-b569-f6733f80d919', 'Green Chartreuse', 'spirit');
INSERT OR IGNORE INTO ingredients (id, name, category) VALUES ('35d2a0e1-d8bd-42c4-bb09-c21774eca752', 'Maraschino Liqueur', 'spirit');
INSERT OR IGNORE INTO ingredients (id, name, category) VALUES ('140ad585-76bb-40e7-9a40-b42403060cc9', 'Amaro Nonino', 'spirit');
INSERT OR IGNORE INTO ingredients (id, name, category) VALUES ('6cdfda3c-6fc5-4170-8386-af63dad8171b', 'Crème de Violette', 'liqueur');
INSERT OR IGNORE INTO ingredients (id, name, category) VALUES ('963ded96-5886-44f2-8651-12b3c437da10', 'Lillet Blanc', 'liqueur');
INSERT OR IGNORE INTO ingredients (id, name, category) VALUES ('3a073c80-292a-415d-bf50-944a3ee9f4c5', 'Raspberry Syrup', 'syrup');
INSERT OR IGNORE INTO ingredients (id, name, category) VALUES ('44e0ee08-250c-4768-b4bf-53421bb02945', 'Cherry Heering', 'other');
INSERT OR IGNORE INTO ingredients (id, name, category) VALUES ('9133b89d-d3bf-4c40-ab6e-9884fcb414fb', 'Bénédictine', 'other');
INSERT OR IGNORE INTO ingredients (id, name, category) VALUES ('807564f3-f42b-4d11-ad2e-b11d2725d208', 'Grenadine', 'syrup');
INSERT OR IGNORE INTO ingredients (id, name, category) VALUES ('87015cd0-9fdd-4fa8-8062-fe32038e3e8b', 'Gosling''s Black Seal Rum', 'spirit');
INSERT OR IGNORE INTO ingredients (id, name, category) VALUES ('1612951a-2184-4b96-b201-e5566b7cd056', 'Dark Rum', 'spirit');
INSERT OR IGNORE INTO ingredients (id, name, category) VALUES ('9ddf20c9-88f0-43e1-9f82-46fd3c0e1a29', 'Passionfruit Syrup', 'syrup');
INSERT OR IGNORE INTO ingredients (id, name, category) VALUES ('14dbd2ae-24c5-43c6-9dcc-364caee13ae5', 'Aged Jamaican Rum', 'spirit');
INSERT OR IGNORE INTO ingredients (id, name, category) VALUES ('7a7c4ccb-af29-4c8b-84cc-254851e16aa7', 'Martinique Rhum', 'other');
INSERT OR IGNORE INTO ingredients (id, name, category) VALUES ('0953a8d7-058b-4f8b-9f22-507e34548668', 'Orange Curaçao', 'spirit');
INSERT OR IGNORE INTO ingredients (id, name, category) VALUES ('648af43c-df94-4cc5-b7a8-f284498c95bc', 'Orgeat', 'syrup');
INSERT OR IGNORE INTO ingredients (id, name, category) VALUES ('b64832c4-e011-4e4c-b577-9e9c3a9681b1', 'Blackstrap Rum', 'spirit');
INSERT OR IGNORE INTO ingredients (id, name, category) VALUES ('4d646245-fc9c-4533-8f62-c91627a2a030', 'Cachaça', 'spirit');
INSERT OR IGNORE INTO ingredients (id, name, category) VALUES ('e84a2b09-43b6-4f8e-b9a5-e0adee594ccd', 'Fresh Lime', 'other');
INSERT OR IGNORE INTO ingredients (id, name, category) VALUES ('a1697283-44c9-4700-9f99-f119b5af0bec', 'Caster Sugar', 'other');
INSERT OR IGNORE INTO ingredients (id, name, category) VALUES ('1c780382-2851-4172-b019-c1bd1c93c0c8', 'Scotch Whisky', 'spirit');
INSERT OR IGNORE INTO ingredients (id, name, category) VALUES ('2a4c68df-efd6-46c5-98cc-436ad3e4a5c2', 'Drambuie', 'spirit');
INSERT OR IGNORE INTO ingredients (id, name, category) VALUES ('fe667164-f07e-4d92-a175-d9dcc19c73aa', 'Fernet-Branca', 'spirit');
INSERT OR IGNORE INTO ingredients (id, name, category) VALUES ('c4e4494f-ba4b-4809-84bd-99fa969bf31f', 'Averna Amaro', 'spirit');
INSERT OR IGNORE INTO ingredients (id, name, category) VALUES ('3feefd02-0ec0-4929-8e4f-e7f5fc68bbc0', 'Irish Whiskey', 'spirit');
INSERT OR IGNORE INTO ingredients (id, name, category) VALUES ('8a47dc2c-87fe-4ab2-9180-bdf9dede2c55', 'Hot Coffee', 'other');
INSERT OR IGNORE INTO ingredients (id, name, category) VALUES ('2f482312-857a-4aba-b692-00b6de09813d', 'Brown Sugar', 'other');
INSERT OR IGNORE INTO ingredients (id, name, category) VALUES ('2905bfd3-b840-44e2-9188-fa2f3a974b01', 'Heavy Cream', 'other');
INSERT OR IGNORE INTO ingredients (id, name, category) VALUES ('06acd2c6-d5ee-447e-8cf5-6d537c425310', 'Peach Schnapps', 'liqueur');
INSERT OR IGNORE INTO ingredients (id, name, category) VALUES ('ebf6eb61-801e-4860-8c45-845da8fb3d60', 'Orange Juice', 'juice');
INSERT OR IGNORE INTO ingredients (id, name, category) VALUES ('6a528dfa-c9d7-4b72-8315-d243092e0818', 'Galliano', 'spirit');
INSERT OR IGNORE INTO ingredients (id, name, category) VALUES ('36386705-910d-4b4c-8280-1a7617c9f2c9', 'Vanilla Vodka', 'spirit');
INSERT OR IGNORE INTO ingredients (id, name, category) VALUES ('adc5c277-3545-46c8-8ebb-b9b0867b38b9', 'Passionfruit Liqueur', 'liqueur');
INSERT OR IGNORE INTO ingredients (id, name, category) VALUES ('d1fac050-c632-453e-8dca-2a5bf141f538', 'Passionfruit Purée', 'juice');
INSERT OR IGNORE INTO ingredients (id, name, category) VALUES ('d28856bc-c80e-43ce-81f3-faaa202b2ff4', 'Tequila Reposado', 'spirit');
INSERT OR IGNORE INTO ingredients (id, name, category) VALUES ('136e9d5c-e8b0-4428-a8ab-6de2cbb8a2d9', 'Crème de Cassis', 'liqueur');
INSERT OR IGNORE INTO ingredients (id, name, category) VALUES ('9d2136be-608c-43c5-a1a0-5e4f2193084a', 'Yellow Chartreuse', 'spirit');
INSERT OR IGNORE INTO ingredients (id, name, category) VALUES ('d805facd-5a6e-411f-8a40-0b82e2e8a490', 'Pisco', 'spirit');
INSERT OR IGNORE INTO ingredients (id, name, category) VALUES ('a4944f6c-3e24-4b0d-9198-f4f3243b67c5', 'Fluffy Orange Juice', 'juice');
INSERT OR IGNORE INTO ingredients (id, name, category) VALUES ('52ae21a4-9376-45bd-9a1f-e85a58d475c1', 'St-Germain Elderflower Liqueur', 'liqueur');
INSERT OR IGNORE INTO ingredients (id, name, category) VALUES ('ba9b8fc1-eb07-4dc2-ae21-e19c1056a043', 'Crème de Cacao (dark)', 'liqueur');
INSERT OR IGNORE INTO ingredients (id, name, category) VALUES ('487bb95b-0836-4b38-a05b-a1561ec982ff', 'Amaretto', 'spirit');
INSERT OR IGNORE INTO ingredients (id, name, category) VALUES ('d9aeeb16-af41-4e0a-9dee-1f6064a3b147', 'Cask-strength Bourbon', 'spirit');
INSERT OR IGNORE INTO ingredients (id, name, category) VALUES ('ba548ce5-c1b5-418e-a8b3-4cf0be67db78', 'Smith & Cross Rum', 'spirit');
INSERT OR IGNORE INTO ingredients (id, name, category) VALUES ('033830de-7b2b-4b40-863d-114201368e3c', 'Dry Red Wine', 'other');
INSERT OR IGNORE INTO ingredients (id, name, category) VALUES ('8549b47e-d8f7-45e1-8971-a7a63d2697a5', 'Blackberry Liqueur', 'liqueur');
INSERT OR IGNORE INTO ingredients (id, name, category) VALUES ('0c551bd6-f608-4c5c-8605-24f387ce5ca7', 'Applejack', 'spirit');
INSERT OR IGNORE INTO ingredients (id, name, category) VALUES ('a7ca4cdf-c035-4c71-941a-10c7f5ec2659', 'Crème de Menthe (green)', 'liqueur');
INSERT OR IGNORE INTO ingredients (id, name, category) VALUES ('ac9ecc43-8710-44ee-b228-82e316787655', 'Crème de Cacao (white)', 'liqueur');
INSERT OR IGNORE INTO ingredients (id, name, category) VALUES ('e4727374-75fe-4be4-bcd2-c8063917ce29', 'Crème de Menthe (white)', 'liqueur');
INSERT OR IGNORE INTO ingredients (id, name, category) VALUES ('512f6284-d2a3-4f5c-9c42-290aac15ec85', 'Dry Sherry', 'liqueur');

-- tags
INSERT OR IGNORE INTO tags (id, name) VALUES ('b1bb6f40-852a-4f9d-aa9d-a38e73140de3', 'classic');
INSERT OR IGNORE INTO tags (id, name) VALUES ('e74f1f5c-9793-48bf-b192-7f74c85e5ebc', 'citrus');
INSERT OR IGNORE INTO tags (id, name) VALUES ('8a3a6ff0-c016-4cf7-acd5-6c2e585c9d14', 'summer');
INSERT OR IGNORE INTO tags (id, name) VALUES ('0a2419bc-18a6-42d8-bb6e-f297aeb0dbc5', 'vegan');
INSERT OR IGNORE INTO tags (id, name) VALUES ('4fe92faf-494d-4c1e-a871-43c5dc4d7d0a', 'refreshing');
INSERT OR IGNORE INTO tags (id, name) VALUES ('ed571257-1e10-470b-86c0-e62a940a2407', 'spicy');
INSERT OR IGNORE INTO tags (id, name) VALUES ('06d5764c-319d-4891-8c9c-fc479b84541f', 'modern');
INSERT OR IGNORE INTO tags (id, name) VALUES ('f36570b6-ef99-4b4e-a85d-ade68c25f808', 'simple');
INSERT OR IGNORE INTO tags (id, name) VALUES ('0e6494da-e5cb-49b7-9cd5-4592e306ae12', 'tropical');
INSERT OR IGNORE INTO tags (id, name) VALUES ('10f5c4dd-9169-420d-84c2-c270ac7015e5', 'frozen');
INSERT OR IGNORE INTO tags (id, name) VALUES ('b6754703-ace0-4747-a2c9-10bf981717de', 'sweet');
INSERT OR IGNORE INTO tags (id, name) VALUES ('e8114d43-07bf-4062-b9c9-1607b45536c0', 'stirred');
INSERT OR IGNORE INTO tags (id, name) VALUES ('bebd0060-9605-4438-ab72-a01a43291fd0', 'spirit-forward');
INSERT OR IGNORE INTO tags (id, name) VALUES ('da922240-ca25-4c67-8dde-529d7679cedb', 'sour');
INSERT OR IGNORE INTO tags (id, name) VALUES ('c73a146c-7f22-4294-b3ba-973b6a12081c', 'new-orleans');
INSERT OR IGNORE INTO tags (id, name) VALUES ('34e7c5ba-7fb6-4936-ba08-547aff3b8726', 'derby');
INSERT OR IGNORE INTO tags (id, name) VALUES ('3b44f5d4-3d87-4405-8e11-79957bdd0c1d', 'bitter');
INSERT OR IGNORE INTO tags (id, name) VALUES ('f45825df-0993-4361-a59f-8b4b8b779339', 'aperitivo');
INSERT OR IGNORE INTO tags (id, name) VALUES ('2e2ed19b-b781-41ab-8f29-37f7a8b2cfa2', 'long');
INSERT OR IGNORE INTO tags (id, name) VALUES ('12aec00d-e763-491d-bdb1-41dcc93cf22b', 'sparkling');
INSERT OR IGNORE INTO tags (id, name) VALUES ('374e8fbb-62e2-42ab-a8e1-dabe25baf933', 'celebration');
INSERT OR IGNORE INTO tags (id, name) VALUES ('59157edf-49d5-42bb-98bc-d466bee1ae4d', 'coffee');
INSERT OR IGNORE INTO tags (id, name) VALUES ('700ff9c0-4a01-470d-b8d2-4e1c8b1bce5d', 'after-dinner');
INSERT OR IGNORE INTO tags (id, name) VALUES ('e90731cb-39b0-4d78-abf4-68a1388da9dd', 'fruity');
INSERT OR IGNORE INTO tags (id, name) VALUES ('def30c40-0f00-4372-8dd4-7e212e6975f4', 'ginger');
INSERT OR IGNORE INTO tags (id, name) VALUES ('a501c2e6-80ef-41df-81e9-d68d4625c5a8', 'brunch');
INSERT OR IGNORE INTO tags (id, name) VALUES ('8b3aef92-f1bc-4b95-b74c-5b1819f88bb3', 'savory');
INSERT OR IGNORE INTO tags (id, name) VALUES ('6ee25722-aa01-44d4-b50d-c09422ac34ff', 'smoky');
INSERT OR IGNORE INTO tags (id, name) VALUES ('81383276-57b0-4034-ba75-8c59675c9d11', 'low-abv');
INSERT OR IGNORE INTO tags (id, name) VALUES ('e3c34940-df29-4214-b288-68b113d733fb', 'elegant');
INSERT OR IGNORE INTO tags (id, name) VALUES ('fa96d883-d2a7-4d72-b83e-37b9c3cb80dc', 'british');
INSERT OR IGNORE INTO tags (id, name) VALUES ('4c5d0cdd-9237-4b9e-add4-7d7975de3f70', 'prohibition');
INSERT OR IGNORE INTO tags (id, name) VALUES ('3bbe1ef5-fc7b-47da-b996-6ba048ed14a4', 'equal-parts');
INSERT OR IGNORE INTO tags (id, name) VALUES ('f9c240bf-7ee9-4ca7-84d6-c9299a5a5b95', 'herbal');
INSERT OR IGNORE INTO tags (id, name) VALUES ('6cfc71ea-da10-46e5-8501-b5fab8965446', 'easy');
INSERT OR IGNORE INTO tags (id, name) VALUES ('52d45aa5-47a1-49c1-8757-7f759c72faac', 'floral');
INSERT OR IGNORE INTO tags (id, name) VALUES ('7a345f3b-f56e-435f-954a-ca5c4328a0e0', 'tiki');
INSERT OR IGNORE INTO tags (id, name) VALUES ('34ccfdc7-40d7-420c-86e2-b361eb461d66', 'papa');
INSERT OR IGNORE INTO tags (id, name) VALUES ('91f77508-1b6c-4817-98b0-29fa719e3961', 'brazilian');
INSERT OR IGNORE INTO tags (id, name) VALUES ('1fe516ce-0dbd-4c3f-a5d8-68ded8a74fa2', 'scotch');
INSERT OR IGNORE INTO tags (id, name) VALUES ('9af58282-2d19-4979-8c95-fb1ce33adf3a', 'amaro');
INSERT OR IGNORE INTO tags (id, name) VALUES ('35896385-83a7-4723-a7bb-dd3721f2b99a', 'hot');
INSERT OR IGNORE INTO tags (id, name) VALUES ('e17246db-04a7-491b-b10c-8e96829485ed', 'retro');
INSERT OR IGNORE INTO tags (id, name) VALUES ('e2b58985-87fd-4e97-835d-125842e366bb', 'creamy');
INSERT OR IGNORE INTO tags (id, name) VALUES ('9589e7c4-1132-4930-9c17-b7cd949be6c2', 'visual');
INSERT OR IGNORE INTO tags (id, name) VALUES ('00fa2c18-45ed-4fa3-8383-75aca7f8598a', 'south-american');
INSERT OR IGNORE INTO tags (id, name) VALUES ('5eb1aa67-33c8-48a1-934c-f0300733e19f', 'nutty');
INSERT OR IGNORE INTO tags (id, name) VALUES ('594eec60-8651-4871-911b-b0f67d784139', 'minimal');
INSERT OR IGNORE INTO tags (id, name) VALUES ('75a300d5-25f2-4fd2-be01-59e5ccc49ed3', 'minty');
INSERT OR IGNORE INTO tags (id, name) VALUES ('21cf0d75-4906-4880-9add-70b2989cda92', 'sherry');

-- cocktails
INSERT OR IGNORE INTO cocktails (id, name, slug, glassware) VALUES ('11007', 'Margarita', 'margarita', 'Coupe');
INSERT OR IGNORE INTO cocktails (id, name, slug, glassware) VALUES ('11008', 'Tommy''s Margarita', 'tommy-s-margarita', 'Rocks');
INSERT OR IGNORE INTO cocktails (id, name, slug, glassware) VALUES ('11009', 'Paloma', 'paloma', 'Highball');
INSERT OR IGNORE INTO cocktails (id, name, slug, glassware) VALUES ('11010', 'Jalapeño Margarita', 'jalapeno-margarita', 'Coupe');
INSERT OR IGNORE INTO cocktails (id, name, slug, glassware) VALUES ('11004', 'Daiquiri', 'daiquiri', 'Coupe');
INSERT OR IGNORE INTO cocktails (id, name, slug, glassware) VALUES ('11005', 'Mojito', 'mojito', 'Highball');
INSERT OR IGNORE INTO cocktails (id, name, slug, glassware) VALUES ('11006', 'Piña Colada', 'pina-colada', 'Hurricane');
INSERT OR IGNORE INTO cocktails (id, name, slug, glassware) VALUES ('11001', 'Old Fashioned', 'old-fashioned', 'Rocks');
INSERT OR IGNORE INTO cocktails (id, name, slug, glassware) VALUES ('11002', 'Manhattan', 'manhattan', 'Coupe');
INSERT OR IGNORE INTO cocktails (id, name, slug, glassware) VALUES ('11003', 'Whiskey Sour', 'whiskey-sour', 'Rocks');
INSERT OR IGNORE INTO cocktails (id, name, slug, glassware) VALUES ('11014', 'Sazerac', 'sazerac', 'Rocks');
INSERT OR IGNORE INTO cocktails (id, name, slug, glassware) VALUES ('11015', 'Mint Julep', 'mint-julep', 'Julep Tin');
INSERT OR IGNORE INTO cocktails (id, name, slug, glassware) VALUES ('11020', 'Negroni', 'negroni', 'Rocks');
INSERT OR IGNORE INTO cocktails (id, name, slug, glassware) VALUES ('11021', 'Martini', 'martini', 'Martini');
INSERT OR IGNORE INTO cocktails (id, name, slug, glassware) VALUES ('11022', 'Gimlet', 'gimlet', 'Coupe');
INSERT OR IGNORE INTO cocktails (id, name, slug, glassware) VALUES ('11023', 'Tom Collins', 'tom-collins', 'Collins');
INSERT OR IGNORE INTO cocktails (id, name, slug, glassware) VALUES ('11024', 'French 75', 'french-75', 'Flute');
INSERT OR IGNORE INTO cocktails (id, name, slug, glassware) VALUES ('11030', 'Espresso Martini', 'espresso-martini', 'Martini');
INSERT OR IGNORE INTO cocktails (id, name, slug, glassware) VALUES ('11031', 'Cosmopolitan', 'cosmopolitan', 'Martini');
INSERT OR IGNORE INTO cocktails (id, name, slug, glassware) VALUES ('11032', 'Moscow Mule', 'moscow-mule', 'Copper Mug');
INSERT OR IGNORE INTO cocktails (id, name, slug, glassware) VALUES ('11033', 'Bloody Mary', 'bloody-mary', 'Pint');
INSERT OR IGNORE INTO cocktails (id, name, slug, glassware) VALUES ('11040', 'Mezcal Negroni', 'mezcal-negroni', 'Rocks');
INSERT OR IGNORE INTO cocktails (id, name, slug, glassware) VALUES ('11041', 'Oaxacan Old Fashioned', 'oaxacan-old-fashioned', 'Rocks');
INSERT OR IGNORE INTO cocktails (id, name, slug, glassware) VALUES ('11050', 'Aperol Spritz', 'aperol-spritz', 'Wine');
INSERT OR IGNORE INTO cocktails (id, name, slug, glassware) VALUES ('11051', 'Americano', 'americano', 'Rocks');
INSERT OR IGNORE INTO cocktails (id, name, slug, glassware) VALUES ('11060', 'Sidecar', 'sidecar', 'Coupe');
INSERT OR IGNORE INTO cocktails (id, name, slug, glassware) VALUES ('11070', 'Bellini', 'bellini', 'Flute');
INSERT OR IGNORE INTO cocktails (id, name, slug, glassware) VALUES ('11071', 'Mimosa', 'mimosa', 'Flute');
INSERT OR IGNORE INTO cocktails (id, name, slug, glassware) VALUES ('11080', 'Penicillin', 'penicillin', 'Rocks');
INSERT OR IGNORE INTO cocktails (id, name, slug, glassware) VALUES ('11081', 'Bramble', 'bramble', 'Rocks');
INSERT OR IGNORE INTO cocktails (id, name, slug, glassware) VALUES ('11082', 'Bee''s Knees', 'bee-s-knees', 'Coupe');
INSERT OR IGNORE INTO cocktails (id, name, slug, glassware) VALUES ('11083', 'Last Word', 'last-word', 'Coupe');
INSERT OR IGNORE INTO cocktails (id, name, slug, glassware) VALUES ('11084', 'Paper Plane', 'paper-plane', 'Coupe');
INSERT OR IGNORE INTO cocktails (id, name, slug, glassware) VALUES ('11085', 'Gold Rush', 'gold-rush', 'Rocks');
INSERT OR IGNORE INTO cocktails (id, name, slug, glassware) VALUES ('11086', 'Aviation', 'aviation', 'Coupe');
INSERT OR IGNORE INTO cocktails (id, name, slug, glassware) VALUES ('11087', 'Vesper Martini', 'vesper-martini', 'Martini');
INSERT OR IGNORE INTO cocktails (id, name, slug, glassware) VALUES ('11088', 'Clover Club', 'clover-club', 'Coupe');
INSERT OR IGNORE INTO cocktails (id, name, slug, glassware) VALUES ('11089', 'White Lady', 'white-lady', 'Coupe');
INSERT OR IGNORE INTO cocktails (id, name, slug, glassware) VALUES ('11090', 'Singapore Sling', 'singapore-sling', 'Collins');
INSERT OR IGNORE INTO cocktails (id, name, slug, glassware) VALUES ('11091', 'Dark ''n'' Stormy', 'dark-n-stormy', 'Highball');
INSERT OR IGNORE INTO cocktails (id, name, slug, glassware) VALUES ('11092', 'Hurricane', 'hurricane', 'Hurricane');
INSERT OR IGNORE INTO cocktails (id, name, slug, glassware) VALUES ('11093', 'Mai Tai', 'mai-tai', 'Rocks');
INSERT OR IGNORE INTO cocktails (id, name, slug, glassware) VALUES ('11094', 'Jungle Bird', 'jungle-bird', 'Rocks');
INSERT OR IGNORE INTO cocktails (id, name, slug, glassware) VALUES ('11095', 'Hemingway Daiquiri', 'hemingway-daiquiri', 'Coupe');
INSERT OR IGNORE INTO cocktails (id, name, slug, glassware) VALUES ('11096', 'Caipirinha', 'caipirinha', 'Rocks');
INSERT OR IGNORE INTO cocktails (id, name, slug, glassware) VALUES ('11097', 'Rob Roy', 'rob-roy', 'Coupe');
INSERT OR IGNORE INTO cocktails (id, name, slug, glassware) VALUES ('11098', 'Rusty Nail', 'rusty-nail', 'Rocks');
INSERT OR IGNORE INTO cocktails (id, name, slug, glassware) VALUES ('11099', 'Boulevardier', 'boulevardier', 'Coupe');
INSERT OR IGNORE INTO cocktails (id, name, slug, glassware) VALUES ('11100', 'Toronto', 'toronto', 'Coupe');
INSERT OR IGNORE INTO cocktails (id, name, slug, glassware) VALUES ('11101', 'Black Manhattan', 'black-manhattan', 'Coupe');
INSERT OR IGNORE INTO cocktails (id, name, slug, glassware) VALUES ('11102', 'Irish Coffee', 'irish-coffee', 'Heatproof Mug');
INSERT OR IGNORE INTO cocktails (id, name, slug, glassware) VALUES ('11103', 'Sex on the Beach', 'sex-on-the-beach', 'Highball');
INSERT OR IGNORE INTO cocktails (id, name, slug, glassware) VALUES ('11104', 'Harvey Wallbanger', 'harvey-wallbanger', 'Highball');
INSERT OR IGNORE INTO cocktails (id, name, slug, glassware) VALUES ('11105', 'White Russian', 'white-russian', 'Rocks');
INSERT OR IGNORE INTO cocktails (id, name, slug, glassware) VALUES ('11106', 'Black Russian', 'black-russian', 'Rocks');
INSERT OR IGNORE INTO cocktails (id, name, slug, glassware) VALUES ('11107', 'Pornstar Martini', 'pornstar-martini', 'Martini');
INSERT OR IGNORE INTO cocktails (id, name, slug, glassware) VALUES ('11108', 'Tequila Sunrise', 'tequila-sunrise', 'Highball');
INSERT OR IGNORE INTO cocktails (id, name, slug, glassware) VALUES ('11109', 'El Diablo', 'el-diablo', 'Collins');
INSERT OR IGNORE INTO cocktails (id, name, slug, glassware) VALUES ('11110', 'Naked and Famous', 'naked-and-famous', 'Coupe');
INSERT OR IGNORE INTO cocktails (id, name, slug, glassware) VALUES ('11111', 'Pisco Sour', 'pisco-sour', 'Coupe');
INSERT OR IGNORE INTO cocktails (id, name, slug, glassware) VALUES ('11112', 'Garibaldi', 'garibaldi', 'Highball');
INSERT OR IGNORE INTO cocktails (id, name, slug, glassware) VALUES ('11113', 'Kir Royale', 'kir-royale', 'Flute');
INSERT OR IGNORE INTO cocktails (id, name, slug, glassware) VALUES ('11114', 'Elderflower Collins', 'elderflower-collins', 'Collins');
INSERT OR IGNORE INTO cocktails (id, name, slug, glassware) VALUES ('11115', 'Aperol Hugo', 'aperol-hugo', 'Wine');
INSERT OR IGNORE INTO cocktails (id, name, slug, glassware) VALUES ('11116', 'Brandy Alexander', 'brandy-alexander', 'Coupe');
INSERT OR IGNORE INTO cocktails (id, name, slug, glassware) VALUES ('11117', 'Corpse Reviver No. 2', 'corpse-reviver-no-2', 'Coupe');
INSERT OR IGNORE INTO cocktails (id, name, slug, glassware) VALUES ('11118', 'Vieux Carré', 'vieux-carre', 'Rocks');
INSERT OR IGNORE INTO cocktails (id, name, slug, glassware) VALUES ('11119', 'Amaretto Sour', 'amaretto-sour', 'Rocks');
INSERT OR IGNORE INTO cocktails (id, name, slug, glassware) VALUES ('11120', 'Jungle Bird Riff', 'jungle-bird-riff', 'Rocks');
INSERT OR IGNORE INTO cocktails (id, name, slug, glassware) VALUES ('11121', 'New York Sour', 'new-york-sour', 'Rocks');
INSERT OR IGNORE INTO cocktails (id, name, slug, glassware) VALUES ('11122', 'Rattlesnake', 'rattlesnake', 'Coupe');
INSERT OR IGNORE INTO cocktails (id, name, slug, glassware) VALUES ('11123', 'Dark Side', 'dark-side', 'Coupe');
INSERT OR IGNORE INTO cocktails (id, name, slug, glassware) VALUES ('11124', 'Hanky Panky', 'hanky-panky', 'Coupe');
INSERT OR IGNORE INTO cocktails (id, name, slug, glassware) VALUES ('11125', 'Naked Martini', 'naked-martini', 'Martini');
INSERT OR IGNORE INTO cocktails (id, name, slug, glassware) VALUES ('11126', 'Pink Lady', 'pink-lady', 'Coupe');
INSERT OR IGNORE INTO cocktails (id, name, slug, glassware) VALUES ('11127', 'Grasshopper', 'grasshopper', 'Coupe');
INSERT OR IGNORE INTO cocktails (id, name, slug, glassware) VALUES ('11128', 'Stinger', 'stinger', 'Coupe');
INSERT OR IGNORE INTO cocktails (id, name, slug, glassware) VALUES ('11129', 'Between the Sheets', 'between-the-sheets', 'Coupe');
INSERT OR IGNORE INTO cocktails (id, name, slug, glassware) VALUES ('11130', 'Tuxedo', 'tuxedo', 'Coupe');

-- cocktail_ingredients
INSERT OR IGNORE INTO cocktail_ingredients (cocktail_id, ingredient_id, quantity, unit, quantity_num, unit_norm) VALUES ('11007', '56a9f5f6-41fb-4f0d-9d2e-632807d8c3bd', '2 oz', 'oz', 2, 'oz');
INSERT OR IGNORE INTO cocktail_ingredients (cocktail_id, ingredient_id, quantity, unit, quantity_num, unit_norm) VALUES ('11007', 'a98e8f50-4b20-4231-9cb5-5073d0886fd3', '1 oz', 'oz', 1, 'oz');
INSERT OR IGNORE INTO cocktail_ingredients (cocktail_id, ingredient_id, quantity, unit, quantity_num, unit_norm) VALUES ('11007', 'b55a5a4f-7624-4352-b773-63232f021a41', '0.75 oz', 'oz', 0.75, 'oz');
INSERT OR IGNORE INTO cocktail_ingredients (cocktail_id, ingredient_id, quantity, unit, quantity_num, unit_norm) VALUES ('11007', '35b3a3ea-fcb2-4475-9690-530f22deeef4', '0.25 oz', 'oz', 0.25, 'oz');
INSERT OR IGNORE INTO cocktail_ingredients (cocktail_id, ingredient_id, quantity, unit, quantity_num, unit_norm) VALUES ('11007', '48dd3cd9-7cf4-413a-b227-db32974e0fd7', 'rim', NULL, NULL, NULL);
INSERT OR IGNORE INTO cocktail_ingredients (cocktail_id, ingredient_id, quantity, unit, quantity_num, unit_norm) VALUES ('11008', '56a9f5f6-41fb-4f0d-9d2e-632807d8c3bd', '2 oz', 'oz', 2, 'oz');
INSERT OR IGNORE INTO cocktail_ingredients (cocktail_id, ingredient_id, quantity, unit, quantity_num, unit_norm) VALUES ('11008', 'a98e8f50-4b20-4231-9cb5-5073d0886fd3', '1 oz', 'oz', 1, 'oz');
INSERT OR IGNORE INTO cocktail_ingredients (cocktail_id, ingredient_id, quantity, unit, quantity_num, unit_norm) VALUES ('11008', '35b3a3ea-fcb2-4475-9690-530f22deeef4', '0.5 oz', 'oz', 0.5, 'oz');
INSERT OR IGNORE INTO cocktail_ingredients (cocktail_id, ingredient_id, quantity, unit, quantity_num, unit_norm) VALUES ('11009', '56a9f5f6-41fb-4f0d-9d2e-632807d8c3bd', '2 oz', 'oz', 2, 'oz');
INSERT OR IGNORE INTO cocktail_ingredients (cocktail_id, ingredient_id, quantity, unit, quantity_num, unit_norm) VALUES ('11009', '1449f43f-49a4-4c4c-805e-b6a7c7a7ffd8', '3 oz', 'oz', 3, 'oz');
INSERT OR IGNORE INTO cocktail_ingredients (cocktail_id, ingredient_id, quantity, unit, quantity_num, unit_norm) VALUES ('11009', 'a98e8f50-4b20-4231-9cb5-5073d0886fd3', '0.5 oz', 'oz', 0.5, 'oz');
INSERT OR IGNORE INTO cocktail_ingredients (cocktail_id, ingredient_id, quantity, unit, quantity_num, unit_norm) VALUES ('11009', '35b3a3ea-fcb2-4475-9690-530f22deeef4', '0.5 oz', 'oz', 0.5, 'oz');
INSERT OR IGNORE INTO cocktail_ingredients (cocktail_id, ingredient_id, quantity, unit, quantity_num, unit_norm) VALUES ('11009', 'a854c3fb-2e77-4b54-9350-940f212c98a9', 'pinch', NULL, NULL, NULL);
INSERT OR IGNORE INTO cocktail_ingredients (cocktail_id, ingredient_id, quantity, unit, quantity_num, unit_norm) VALUES ('11009', '4801e6e6-deee-41a6-b83f-b16c6006bd8c', 'top', NULL, NULL, NULL);
INSERT OR IGNORE INTO cocktail_ingredients (cocktail_id, ingredient_id, quantity, unit, quantity_num, unit_norm) VALUES ('11010', '56a9f5f6-41fb-4f0d-9d2e-632807d8c3bd', '2 oz', 'oz', 2, 'oz');
INSERT OR IGNORE INTO cocktail_ingredients (cocktail_id, ingredient_id, quantity, unit, quantity_num, unit_norm) VALUES ('11010', 'a98e8f50-4b20-4231-9cb5-5073d0886fd3', '1 oz', 'oz', 1, 'oz');
INSERT OR IGNORE INTO cocktail_ingredients (cocktail_id, ingredient_id, quantity, unit, quantity_num, unit_norm) VALUES ('11010', 'b55a5a4f-7624-4352-b773-63232f021a41', '0.75 oz', 'oz', 0.75, 'oz');
INSERT OR IGNORE INTO cocktail_ingredients (cocktail_id, ingredient_id, quantity, unit, quantity_num, unit_norm) VALUES ('11010', '35b3a3ea-fcb2-4475-9690-530f22deeef4', '0.25 oz', 'oz', 0.25, 'oz');
INSERT OR IGNORE INTO cocktail_ingredients (cocktail_id, ingredient_id, quantity, unit, quantity_num, unit_norm) VALUES ('11010', '9536a4c0-0b49-454c-9281-a398f09ade6d', '2 slices', NULL, NULL, NULL);
INSERT OR IGNORE INTO cocktail_ingredients (cocktail_id, ingredient_id, quantity, unit, quantity_num, unit_norm) VALUES ('11004', '69cd06a3-f73a-4bfe-99e2-8c72871d551d', '2 oz', 'oz', 2, 'oz');
INSERT OR IGNORE INTO cocktail_ingredients (cocktail_id, ingredient_id, quantity, unit, quantity_num, unit_norm) VALUES ('11004', 'a98e8f50-4b20-4231-9cb5-5073d0886fd3', '0.75 oz', 'oz', 0.75, 'oz');
INSERT OR IGNORE INTO cocktail_ingredients (cocktail_id, ingredient_id, quantity, unit, quantity_num, unit_norm) VALUES ('11004', 'b23f0cc8-15bb-49b5-8f06-923bbbf2ae0d', '0.75 oz', 'oz', 0.75, 'oz');
INSERT OR IGNORE INTO cocktail_ingredients (cocktail_id, ingredient_id, quantity, unit, quantity_num, unit_norm) VALUES ('11005', '69cd06a3-f73a-4bfe-99e2-8c72871d551d', '2 oz', 'oz', 2, 'oz');
INSERT OR IGNORE INTO cocktail_ingredients (cocktail_id, ingredient_id, quantity, unit, quantity_num, unit_norm) VALUES ('11005', 'a98e8f50-4b20-4231-9cb5-5073d0886fd3', '0.75 oz', 'oz', 0.75, 'oz');
INSERT OR IGNORE INTO cocktail_ingredients (cocktail_id, ingredient_id, quantity, unit, quantity_num, unit_norm) VALUES ('11005', 'b23f0cc8-15bb-49b5-8f06-923bbbf2ae0d', '0.75 oz', 'oz', 0.75, 'oz');
INSERT OR IGNORE INTO cocktail_ingredients (cocktail_id, ingredient_id, quantity, unit, quantity_num, unit_norm) VALUES ('11005', 'cd84474d-0d9f-42ed-bcdc-8693f26d6ac4', '8 leaves', NULL, NULL, NULL);
INSERT OR IGNORE INTO cocktail_ingredients (cocktail_id, ingredient_id, quantity, unit, quantity_num, unit_norm) VALUES ('11005', '4801e6e6-deee-41a6-b83f-b16c6006bd8c', 'top', NULL, NULL, NULL);
INSERT OR IGNORE INTO cocktail_ingredients (cocktail_id, ingredient_id, quantity, unit, quantity_num, unit_norm) VALUES ('11006', '69cd06a3-f73a-4bfe-99e2-8c72871d551d', '2 oz', 'oz', 2, 'oz');
INSERT OR IGNORE INTO cocktail_ingredients (cocktail_id, ingredient_id, quantity, unit, quantity_num, unit_norm) VALUES ('11006', '47e46444-6d3a-4856-99cc-4f84d5d1b5d8', '1.5 oz', 'oz', 1.5, 'oz');
INSERT OR IGNORE INTO cocktail_ingredients (cocktail_id, ingredient_id, quantity, unit, quantity_num, unit_norm) VALUES ('11006', 'a2ed036b-5e8b-4ca6-8be1-520c6a5c2d8e', '2 oz', 'oz', 2, 'oz');
INSERT OR IGNORE INTO cocktail_ingredients (cocktail_id, ingredient_id, quantity, unit, quantity_num, unit_norm) VALUES ('11001', '2138a97b-16ad-4b7f-9f8d-938d418432b5', '2 oz', 'oz', 2, 'oz');
INSERT OR IGNORE INTO cocktail_ingredients (cocktail_id, ingredient_id, quantity, unit, quantity_num, unit_norm) VALUES ('11001', 'b23f0cc8-15bb-49b5-8f06-923bbbf2ae0d', '0.25 oz', 'oz', 0.25, 'oz');
INSERT OR IGNORE INTO cocktail_ingredients (cocktail_id, ingredient_id, quantity, unit, quantity_num, unit_norm) VALUES ('11001', '88d034dc-ce49-4c9b-95cf-a76dbd292b3c', '2 dashes', 'dash', 2, 'dash');
INSERT OR IGNORE INTO cocktail_ingredients (cocktail_id, ingredient_id, quantity, unit, quantity_num, unit_norm) VALUES ('11001', '3552968a-272e-4bb0-b468-dc573b327382', '1 dash', 'dash', 1, 'dash');
INSERT OR IGNORE INTO cocktail_ingredients (cocktail_id, ingredient_id, quantity, unit, quantity_num, unit_norm) VALUES ('11002', '878de78a-0954-46d6-9566-81f9d7b274b7', '2 oz', 'oz', 2, 'oz');
INSERT OR IGNORE INTO cocktail_ingredients (cocktail_id, ingredient_id, quantity, unit, quantity_num, unit_norm) VALUES ('11002', '41be3597-388e-4032-9f43-a447db82617a', '1 oz', 'oz', 1, 'oz');
INSERT OR IGNORE INTO cocktail_ingredients (cocktail_id, ingredient_id, quantity, unit, quantity_num, unit_norm) VALUES ('11002', '88d034dc-ce49-4c9b-95cf-a76dbd292b3c', '2 dashes', 'dash', 2, 'dash');
INSERT OR IGNORE INTO cocktail_ingredients (cocktail_id, ingredient_id, quantity, unit, quantity_num, unit_norm) VALUES ('11003', '4138c170-82e0-4c37-bd5c-e95ec0764d17', '2 oz', 'oz', 2, 'oz');
INSERT OR IGNORE INTO cocktail_ingredients (cocktail_id, ingredient_id, quantity, unit, quantity_num, unit_norm) VALUES ('11003', '874b88ae-a253-4d0c-9de9-37667c3b1fb2', '0.75 oz', 'oz', 0.75, 'oz');
INSERT OR IGNORE INTO cocktail_ingredients (cocktail_id, ingredient_id, quantity, unit, quantity_num, unit_norm) VALUES ('11003', 'b23f0cc8-15bb-49b5-8f06-923bbbf2ae0d', '0.75 oz', 'oz', 0.75, 'oz');
INSERT OR IGNORE INTO cocktail_ingredients (cocktail_id, ingredient_id, quantity, unit, quantity_num, unit_norm) VALUES ('11003', '6f6a25ee-cb6c-4e6c-9eff-bda09dd61a48', '1 (optional)', NULL, NULL, NULL);
INSERT OR IGNORE INTO cocktail_ingredients (cocktail_id, ingredient_id, quantity, unit, quantity_num, unit_norm) VALUES ('11014', '878de78a-0954-46d6-9566-81f9d7b274b7', '2 oz', 'oz', 2, 'oz');
INSERT OR IGNORE INTO cocktail_ingredients (cocktail_id, ingredient_id, quantity, unit, quantity_num, unit_norm) VALUES ('11014', '61855d87-3c0d-4dee-a313-8546fff0ba9a', '0.25 oz', 'oz', 0.25, 'oz');
INSERT OR IGNORE INTO cocktail_ingredients (cocktail_id, ingredient_id, quantity, unit, quantity_num, unit_norm) VALUES ('11014', '2c4fa510-ba86-4c22-922b-142c0be89565', '3 dashes', 'dash', 3, 'dash');
INSERT OR IGNORE INTO cocktail_ingredients (cocktail_id, ingredient_id, quantity, unit, quantity_num, unit_norm) VALUES ('11014', '88d034dc-ce49-4c9b-95cf-a76dbd292b3c', '1 dash', 'dash', 1, 'dash');
INSERT OR IGNORE INTO cocktail_ingredients (cocktail_id, ingredient_id, quantity, unit, quantity_num, unit_norm) VALUES ('11014', '33d2d3de-8cf3-45ee-8679-47cd2b1b9c93', 'rinse', NULL, NULL, NULL);
INSERT OR IGNORE INTO cocktail_ingredients (cocktail_id, ingredient_id, quantity, unit, quantity_num, unit_norm) VALUES ('11015', '4138c170-82e0-4c37-bd5c-e95ec0764d17', '2.5 oz', 'oz', 2.5, 'oz');
INSERT OR IGNORE INTO cocktail_ingredients (cocktail_id, ingredient_id, quantity, unit, quantity_num, unit_norm) VALUES ('11015', 'b23f0cc8-15bb-49b5-8f06-923bbbf2ae0d', '0.5 oz', 'oz', 0.5, 'oz');
INSERT OR IGNORE INTO cocktail_ingredients (cocktail_id, ingredient_id, quantity, unit, quantity_num, unit_norm) VALUES ('11015', 'cd84474d-0d9f-42ed-bcdc-8693f26d6ac4', '10 leaves', NULL, NULL, NULL);
INSERT OR IGNORE INTO cocktail_ingredients (cocktail_id, ingredient_id, quantity, unit, quantity_num, unit_norm) VALUES ('11015', '7edde555-3003-4b37-9244-8625ceead3a3', 'pinch', NULL, NULL, NULL);
INSERT OR IGNORE INTO cocktail_ingredients (cocktail_id, ingredient_id, quantity, unit, quantity_num, unit_norm) VALUES ('11020', '295ca3b8-4c36-4dfc-a6b8-33783a38ae4d', '1 oz', 'oz', 1, 'oz');
INSERT OR IGNORE INTO cocktail_ingredients (cocktail_id, ingredient_id, quantity, unit, quantity_num, unit_norm) VALUES ('11020', '40c256ce-a292-4d9a-b185-43626cadb1a3', '1 oz', 'oz', 1, 'oz');
INSERT OR IGNORE INTO cocktail_ingredients (cocktail_id, ingredient_id, quantity, unit, quantity_num, unit_norm) VALUES ('11020', '41be3597-388e-4032-9f43-a447db82617a', '1 oz', 'oz', 1, 'oz');
INSERT OR IGNORE INTO cocktail_ingredients (cocktail_id, ingredient_id, quantity, unit, quantity_num, unit_norm) VALUES ('11021', '295ca3b8-4c36-4dfc-a6b8-33783a38ae4d', '2.5 oz', 'oz', 2.5, 'oz');
INSERT OR IGNORE INTO cocktail_ingredients (cocktail_id, ingredient_id, quantity, unit, quantity_num, unit_norm) VALUES ('11021', '2631a5d9-0ae0-493d-8d12-140aa0589047', '0.5 oz', 'oz', 0.5, 'oz');
INSERT OR IGNORE INTO cocktail_ingredients (cocktail_id, ingredient_id, quantity, unit, quantity_num, unit_norm) VALUES ('11021', '3552968a-272e-4bb0-b468-dc573b327382', '1 dash', 'dash', 1, 'dash');
INSERT OR IGNORE INTO cocktail_ingredients (cocktail_id, ingredient_id, quantity, unit, quantity_num, unit_norm) VALUES ('11022', '295ca3b8-4c36-4dfc-a6b8-33783a38ae4d', '2 oz', 'oz', 2, 'oz');
INSERT OR IGNORE INTO cocktail_ingredients (cocktail_id, ingredient_id, quantity, unit, quantity_num, unit_norm) VALUES ('11022', 'a98e8f50-4b20-4231-9cb5-5073d0886fd3', '0.75 oz', 'oz', 0.75, 'oz');
INSERT OR IGNORE INTO cocktail_ingredients (cocktail_id, ingredient_id, quantity, unit, quantity_num, unit_norm) VALUES ('11022', 'b23f0cc8-15bb-49b5-8f06-923bbbf2ae0d', '0.75 oz', 'oz', 0.75, 'oz');
INSERT OR IGNORE INTO cocktail_ingredients (cocktail_id, ingredient_id, quantity, unit, quantity_num, unit_norm) VALUES ('11023', '295ca3b8-4c36-4dfc-a6b8-33783a38ae4d', '2 oz', 'oz', 2, 'oz');
INSERT OR IGNORE INTO cocktail_ingredients (cocktail_id, ingredient_id, quantity, unit, quantity_num, unit_norm) VALUES ('11023', '874b88ae-a253-4d0c-9de9-37667c3b1fb2', '1 oz', 'oz', 1, 'oz');
INSERT OR IGNORE INTO cocktail_ingredients (cocktail_id, ingredient_id, quantity, unit, quantity_num, unit_norm) VALUES ('11023', 'b23f0cc8-15bb-49b5-8f06-923bbbf2ae0d', '0.75 oz', 'oz', 0.75, 'oz');
INSERT OR IGNORE INTO cocktail_ingredients (cocktail_id, ingredient_id, quantity, unit, quantity_num, unit_norm) VALUES ('11023', '4801e6e6-deee-41a6-b83f-b16c6006bd8c', '2 oz', 'oz', 2, 'oz');
INSERT OR IGNORE INTO cocktail_ingredients (cocktail_id, ingredient_id, quantity, unit, quantity_num, unit_norm) VALUES ('11024', '295ca3b8-4c36-4dfc-a6b8-33783a38ae4d', '1.5 oz', 'oz', 1.5, 'oz');
INSERT OR IGNORE INTO cocktail_ingredients (cocktail_id, ingredient_id, quantity, unit, quantity_num, unit_norm) VALUES ('11024', '874b88ae-a253-4d0c-9de9-37667c3b1fb2', '0.75 oz', 'oz', 0.75, 'oz');
INSERT OR IGNORE INTO cocktail_ingredients (cocktail_id, ingredient_id, quantity, unit, quantity_num, unit_norm) VALUES ('11024', 'b23f0cc8-15bb-49b5-8f06-923bbbf2ae0d', '0.5 oz', 'oz', 0.5, 'oz');
INSERT OR IGNORE INTO cocktail_ingredients (cocktail_id, ingredient_id, quantity, unit, quantity_num, unit_norm) VALUES ('11024', '28ff8441-c551-4feb-b111-a76b91509805', '3 oz', 'oz', 3, 'oz');
INSERT OR IGNORE INTO cocktail_ingredients (cocktail_id, ingredient_id, quantity, unit, quantity_num, unit_norm) VALUES ('11030', '65565d43-9909-4b1d-9eee-8f4fed60c99e', '1.5 oz', 'oz', 1.5, 'oz');
INSERT OR IGNORE INTO cocktail_ingredients (cocktail_id, ingredient_id, quantity, unit, quantity_num, unit_norm) VALUES ('11030', '475b8801-7fd3-489a-895b-154d9a83bc51', '1 oz', 'oz', 1, 'oz');
INSERT OR IGNORE INTO cocktail_ingredients (cocktail_id, ingredient_id, quantity, unit, quantity_num, unit_norm) VALUES ('11030', 'd02b5f8d-0ecb-481f-a78d-7e482c8e0a49', '1 oz', 'oz', 1, 'oz');
INSERT OR IGNORE INTO cocktail_ingredients (cocktail_id, ingredient_id, quantity, unit, quantity_num, unit_norm) VALUES ('11030', 'b23f0cc8-15bb-49b5-8f06-923bbbf2ae0d', '0.25 oz', 'oz', 0.25, 'oz');
INSERT OR IGNORE INTO cocktail_ingredients (cocktail_id, ingredient_id, quantity, unit, quantity_num, unit_norm) VALUES ('11031', '107aa5f9-9025-47d7-b64d-080a9c9bec00', '1.5 oz', 'oz', 1.5, 'oz');
INSERT OR IGNORE INTO cocktail_ingredients (cocktail_id, ingredient_id, quantity, unit, quantity_num, unit_norm) VALUES ('11031', 'b55a5a4f-7624-4352-b773-63232f021a41', '0.75 oz', 'oz', 0.75, 'oz');
INSERT OR IGNORE INTO cocktail_ingredients (cocktail_id, ingredient_id, quantity, unit, quantity_num, unit_norm) VALUES ('11031', 'a98e8f50-4b20-4231-9cb5-5073d0886fd3', '0.5 oz', 'oz', 0.5, 'oz');
INSERT OR IGNORE INTO cocktail_ingredients (cocktail_id, ingredient_id, quantity, unit, quantity_num, unit_norm) VALUES ('11031', '09535e29-9d4f-476b-9189-f38983137806', '0.5 oz', 'oz', 0.5, 'oz');
INSERT OR IGNORE INTO cocktail_ingredients (cocktail_id, ingredient_id, quantity, unit, quantity_num, unit_norm) VALUES ('11032', '65565d43-9909-4b1d-9eee-8f4fed60c99e', '2 oz', 'oz', 2, 'oz');
INSERT OR IGNORE INTO cocktail_ingredients (cocktail_id, ingredient_id, quantity, unit, quantity_num, unit_norm) VALUES ('11032', 'a98e8f50-4b20-4231-9cb5-5073d0886fd3', '0.75 oz', 'oz', 0.75, 'oz');
INSERT OR IGNORE INTO cocktail_ingredients (cocktail_id, ingredient_id, quantity, unit, quantity_num, unit_norm) VALUES ('11032', '873e7d34-eb3f-436f-a8ad-6cca035ec3bd', '4 oz', 'oz', 4, 'oz');
INSERT OR IGNORE INTO cocktail_ingredients (cocktail_id, ingredient_id, quantity, unit, quantity_num, unit_norm) VALUES ('11033', '65565d43-9909-4b1d-9eee-8f4fed60c99e', '2 oz', 'oz', 2, 'oz');
INSERT OR IGNORE INTO cocktail_ingredients (cocktail_id, ingredient_id, quantity, unit, quantity_num, unit_norm) VALUES ('11033', '3b9b1170-1420-4de3-89ad-06bd8027d4b0', '4 oz', 'oz', 4, 'oz');
INSERT OR IGNORE INTO cocktail_ingredients (cocktail_id, ingredient_id, quantity, unit, quantity_num, unit_norm) VALUES ('11033', '874b88ae-a253-4d0c-9de9-37667c3b1fb2', '0.5 oz', 'oz', 0.5, 'oz');
INSERT OR IGNORE INTO cocktail_ingredients (cocktail_id, ingredient_id, quantity, unit, quantity_num, unit_norm) VALUES ('11033', 'dde9c9a8-bdb1-4251-bfb8-e050fa126afc', '3 dashes', 'dash', 3, 'dash');
INSERT OR IGNORE INTO cocktail_ingredients (cocktail_id, ingredient_id, quantity, unit, quantity_num, unit_norm) VALUES ('11033', '18dd8890-e158-41e6-bc1d-bf1eb21bd1ac', 'to taste', NULL, NULL, NULL);
INSERT OR IGNORE INTO cocktail_ingredients (cocktail_id, ingredient_id, quantity, unit, quantity_num, unit_norm) VALUES ('11033', 'c7136c0e-d082-4ec0-8ab9-6981a3d610dd', 'pinch', NULL, NULL, NULL);
INSERT OR IGNORE INTO cocktail_ingredients (cocktail_id, ingredient_id, quantity, unit, quantity_num, unit_norm) VALUES ('11033', 'a48b506d-bdbf-4066-b9e3-5bc3efa41408', 'pinch', NULL, NULL, NULL);
INSERT OR IGNORE INTO cocktail_ingredients (cocktail_id, ingredient_id, quantity, unit, quantity_num, unit_norm) VALUES ('11040', '910a7d3e-9161-4058-b5ba-cbdab63f777d', '1 oz', 'oz', 1, 'oz');
INSERT OR IGNORE INTO cocktail_ingredients (cocktail_id, ingredient_id, quantity, unit, quantity_num, unit_norm) VALUES ('11040', '40c256ce-a292-4d9a-b185-43626cadb1a3', '1 oz', 'oz', 1, 'oz');
INSERT OR IGNORE INTO cocktail_ingredients (cocktail_id, ingredient_id, quantity, unit, quantity_num, unit_norm) VALUES ('11040', '41be3597-388e-4032-9f43-a447db82617a', '1 oz', 'oz', 1, 'oz');
INSERT OR IGNORE INTO cocktail_ingredients (cocktail_id, ingredient_id, quantity, unit, quantity_num, unit_norm) VALUES ('11041', '72de9394-7ce3-4827-bc69-167edc863f80', '1.5 oz', 'oz', 1.5, 'oz');
INSERT OR IGNORE INTO cocktail_ingredients (cocktail_id, ingredient_id, quantity, unit, quantity_num, unit_norm) VALUES ('11041', '910a7d3e-9161-4058-b5ba-cbdab63f777d', '0.5 oz', 'oz', 0.5, 'oz');
INSERT OR IGNORE INTO cocktail_ingredients (cocktail_id, ingredient_id, quantity, unit, quantity_num, unit_norm) VALUES ('11041', '35b3a3ea-fcb2-4475-9690-530f22deeef4', '1 tsp', 'tsp', 1, 'tsp');
INSERT OR IGNORE INTO cocktail_ingredients (cocktail_id, ingredient_id, quantity, unit, quantity_num, unit_norm) VALUES ('11041', '4213003d-34fb-41fd-b46d-955adcbfa614', '2 dashes', 'dash', 2, 'dash');
INSERT OR IGNORE INTO cocktail_ingredients (cocktail_id, ingredient_id, quantity, unit, quantity_num, unit_norm) VALUES ('11050', 'd006c13c-1c00-49d1-8735-36fe58f162d2', '3 oz', 'oz', 3, 'oz');
INSERT OR IGNORE INTO cocktail_ingredients (cocktail_id, ingredient_id, quantity, unit, quantity_num, unit_norm) VALUES ('11050', '3b8278c1-385c-4a87-ac7f-474316b49200', '3 oz', 'oz', 3, 'oz');
INSERT OR IGNORE INTO cocktail_ingredients (cocktail_id, ingredient_id, quantity, unit, quantity_num, unit_norm) VALUES ('11050', '4801e6e6-deee-41a6-b83f-b16c6006bd8c', '1 oz', 'oz', 1, 'oz');
INSERT OR IGNORE INTO cocktail_ingredients (cocktail_id, ingredient_id, quantity, unit, quantity_num, unit_norm) VALUES ('11051', '40c256ce-a292-4d9a-b185-43626cadb1a3', '1.5 oz', 'oz', 1.5, 'oz');
INSERT OR IGNORE INTO cocktail_ingredients (cocktail_id, ingredient_id, quantity, unit, quantity_num, unit_norm) VALUES ('11051', '41be3597-388e-4032-9f43-a447db82617a', '1.5 oz', 'oz', 1.5, 'oz');
INSERT OR IGNORE INTO cocktail_ingredients (cocktail_id, ingredient_id, quantity, unit, quantity_num, unit_norm) VALUES ('11051', '4801e6e6-deee-41a6-b83f-b16c6006bd8c', 'splash', NULL, NULL, NULL);
INSERT OR IGNORE INTO cocktail_ingredients (cocktail_id, ingredient_id, quantity, unit, quantity_num, unit_norm) VALUES ('11060', '37ad93d8-cf7d-470f-901d-93cf911d1b8d', '2 oz', 'oz', 2, 'oz');
INSERT OR IGNORE INTO cocktail_ingredients (cocktail_id, ingredient_id, quantity, unit, quantity_num, unit_norm) VALUES ('11060', 'b55a5a4f-7624-4352-b773-63232f021a41', '0.75 oz', 'oz', 0.75, 'oz');
INSERT OR IGNORE INTO cocktail_ingredients (cocktail_id, ingredient_id, quantity, unit, quantity_num, unit_norm) VALUES ('11060', '874b88ae-a253-4d0c-9de9-37667c3b1fb2', '0.75 oz', 'oz', 0.75, 'oz');
INSERT OR IGNORE INTO cocktail_ingredients (cocktail_id, ingredient_id, quantity, unit, quantity_num, unit_norm) VALUES ('11070', '3b8278c1-385c-4a87-ac7f-474316b49200', '4 oz', 'oz', 4, 'oz');
INSERT OR IGNORE INTO cocktail_ingredients (cocktail_id, ingredient_id, quantity, unit, quantity_num, unit_norm) VALUES ('11070', '31d3c131-fa8f-4532-ab07-a0dd1c64d410', '2 oz', 'oz', 2, 'oz');
INSERT OR IGNORE INTO cocktail_ingredients (cocktail_id, ingredient_id, quantity, unit, quantity_num, unit_norm) VALUES ('11071', 'c50baece-edd3-43c8-b56e-90a4c62b9cd2', '3 oz', 'oz', 3, 'oz');
INSERT OR IGNORE INTO cocktail_ingredients (cocktail_id, ingredient_id, quantity, unit, quantity_num, unit_norm) VALUES ('11071', '19d43c75-4d71-4cfc-872a-c9ca1d004674', '3 oz', 'oz', 3, 'oz');
INSERT OR IGNORE INTO cocktail_ingredients (cocktail_id, ingredient_id, quantity, unit, quantity_num, unit_norm) VALUES ('11080', '0b3e546b-9599-4532-8a30-5a540987518e', '2 oz', 'oz', 2, 'oz');
INSERT OR IGNORE INTO cocktail_ingredients (cocktail_id, ingredient_id, quantity, unit, quantity_num, unit_norm) VALUES ('11080', '874b88ae-a253-4d0c-9de9-37667c3b1fb2', '0.75 oz', 'oz', 0.75, 'oz');
INSERT OR IGNORE INTO cocktail_ingredients (cocktail_id, ingredient_id, quantity, unit, quantity_num, unit_norm) VALUES ('11080', 'd94f3571-a79c-49dc-9650-222c1b0bb8c0', '0.75 oz', 'oz', 0.75, 'oz');
INSERT OR IGNORE INTO cocktail_ingredients (cocktail_id, ingredient_id, quantity, unit, quantity_num, unit_norm) VALUES ('11080', '4d9570cb-a2a1-48de-a588-74682c62c250', '0.25 oz', 'oz', 0.25, 'oz');
INSERT OR IGNORE INTO cocktail_ingredients (cocktail_id, ingredient_id, quantity, unit, quantity_num, unit_norm) VALUES ('11081', '295ca3b8-4c36-4dfc-a6b8-33783a38ae4d', '2 oz', 'oz', 2, 'oz');
INSERT OR IGNORE INTO cocktail_ingredients (cocktail_id, ingredient_id, quantity, unit, quantity_num, unit_norm) VALUES ('11081', '874b88ae-a253-4d0c-9de9-37667c3b1fb2', '1 oz', 'oz', 1, 'oz');
INSERT OR IGNORE INTO cocktail_ingredients (cocktail_id, ingredient_id, quantity, unit, quantity_num, unit_norm) VALUES ('11081', 'b23f0cc8-15bb-49b5-8f06-923bbbf2ae0d', '0.5 oz', 'oz', 0.5, 'oz');
INSERT OR IGNORE INTO cocktail_ingredients (cocktail_id, ingredient_id, quantity, unit, quantity_num, unit_norm) VALUES ('11081', '0788d5a6-87b0-4692-bd12-8fd1be67d585', '0.5 oz (float)', NULL, NULL, NULL);
INSERT OR IGNORE INTO cocktail_ingredients (cocktail_id, ingredient_id, quantity, unit, quantity_num, unit_norm) VALUES ('11082', '295ca3b8-4c36-4dfc-a6b8-33783a38ae4d', '2 oz', 'oz', 2, 'oz');
INSERT OR IGNORE INTO cocktail_ingredients (cocktail_id, ingredient_id, quantity, unit, quantity_num, unit_norm) VALUES ('11082', '874b88ae-a253-4d0c-9de9-37667c3b1fb2', '0.75 oz', 'oz', 0.75, 'oz');
INSERT OR IGNORE INTO cocktail_ingredients (cocktail_id, ingredient_id, quantity, unit, quantity_num, unit_norm) VALUES ('11082', 'd930f7d6-23e5-49e2-81c1-7c1cbc8c21b6', '0.75 oz', 'oz', 0.75, 'oz');
INSERT OR IGNORE INTO cocktail_ingredients (cocktail_id, ingredient_id, quantity, unit, quantity_num, unit_norm) VALUES ('11083', '295ca3b8-4c36-4dfc-a6b8-33783a38ae4d', '0.75 oz', 'oz', 0.75, 'oz');
INSERT OR IGNORE INTO cocktail_ingredients (cocktail_id, ingredient_id, quantity, unit, quantity_num, unit_norm) VALUES ('11083', '2862b49b-626c-4078-b569-f6733f80d919', '0.75 oz', 'oz', 0.75, 'oz');
INSERT OR IGNORE INTO cocktail_ingredients (cocktail_id, ingredient_id, quantity, unit, quantity_num, unit_norm) VALUES ('11083', '35d2a0e1-d8bd-42c4-bb09-c21774eca752', '0.75 oz', 'oz', 0.75, 'oz');
INSERT OR IGNORE INTO cocktail_ingredients (cocktail_id, ingredient_id, quantity, unit, quantity_num, unit_norm) VALUES ('11083', 'a98e8f50-4b20-4231-9cb5-5073d0886fd3', '0.75 oz', 'oz', 0.75, 'oz');
INSERT OR IGNORE INTO cocktail_ingredients (cocktail_id, ingredient_id, quantity, unit, quantity_num, unit_norm) VALUES ('11084', '4138c170-82e0-4c37-bd5c-e95ec0764d17', '0.75 oz', 'oz', 0.75, 'oz');
INSERT OR IGNORE INTO cocktail_ingredients (cocktail_id, ingredient_id, quantity, unit, quantity_num, unit_norm) VALUES ('11084', 'd006c13c-1c00-49d1-8735-36fe58f162d2', '0.75 oz', 'oz', 0.75, 'oz');
INSERT OR IGNORE INTO cocktail_ingredients (cocktail_id, ingredient_id, quantity, unit, quantity_num, unit_norm) VALUES ('11084', '140ad585-76bb-40e7-9a40-b42403060cc9', '0.75 oz', 'oz', 0.75, 'oz');
INSERT OR IGNORE INTO cocktail_ingredients (cocktail_id, ingredient_id, quantity, unit, quantity_num, unit_norm) VALUES ('11084', '874b88ae-a253-4d0c-9de9-37667c3b1fb2', '0.75 oz', 'oz', 0.75, 'oz');
INSERT OR IGNORE INTO cocktail_ingredients (cocktail_id, ingredient_id, quantity, unit, quantity_num, unit_norm) VALUES ('11085', '4138c170-82e0-4c37-bd5c-e95ec0764d17', '2 oz', 'oz', 2, 'oz');
INSERT OR IGNORE INTO cocktail_ingredients (cocktail_id, ingredient_id, quantity, unit, quantity_num, unit_norm) VALUES ('11085', '874b88ae-a253-4d0c-9de9-37667c3b1fb2', '0.75 oz', 'oz', 0.75, 'oz');
INSERT OR IGNORE INTO cocktail_ingredients (cocktail_id, ingredient_id, quantity, unit, quantity_num, unit_norm) VALUES ('11085', 'd930f7d6-23e5-49e2-81c1-7c1cbc8c21b6', '0.75 oz', 'oz', 0.75, 'oz');
INSERT OR IGNORE INTO cocktail_ingredients (cocktail_id, ingredient_id, quantity, unit, quantity_num, unit_norm) VALUES ('11086', '295ca3b8-4c36-4dfc-a6b8-33783a38ae4d', '2 oz', 'oz', 2, 'oz');
INSERT OR IGNORE INTO cocktail_ingredients (cocktail_id, ingredient_id, quantity, unit, quantity_num, unit_norm) VALUES ('11086', '35d2a0e1-d8bd-42c4-bb09-c21774eca752', '0.5 oz', 'oz', 0.5, 'oz');
INSERT OR IGNORE INTO cocktail_ingredients (cocktail_id, ingredient_id, quantity, unit, quantity_num, unit_norm) VALUES ('11086', '6cdfda3c-6fc5-4170-8386-af63dad8171b', '0.25 oz', 'oz', 0.25, 'oz');
INSERT OR IGNORE INTO cocktail_ingredients (cocktail_id, ingredient_id, quantity, unit, quantity_num, unit_norm) VALUES ('11086', '874b88ae-a253-4d0c-9de9-37667c3b1fb2', '0.75 oz', 'oz', 0.75, 'oz');
INSERT OR IGNORE INTO cocktail_ingredients (cocktail_id, ingredient_id, quantity, unit, quantity_num, unit_norm) VALUES ('11087', '295ca3b8-4c36-4dfc-a6b8-33783a38ae4d', '3 oz', 'oz', 3, 'oz');
INSERT OR IGNORE INTO cocktail_ingredients (cocktail_id, ingredient_id, quantity, unit, quantity_num, unit_norm) VALUES ('11087', '65565d43-9909-4b1d-9eee-8f4fed60c99e', '1 oz', 'oz', 1, 'oz');
INSERT OR IGNORE INTO cocktail_ingredients (cocktail_id, ingredient_id, quantity, unit, quantity_num, unit_norm) VALUES ('11087', '963ded96-5886-44f2-8651-12b3c437da10', '0.5 oz', 'oz', 0.5, 'oz');
INSERT OR IGNORE INTO cocktail_ingredients (cocktail_id, ingredient_id, quantity, unit, quantity_num, unit_norm) VALUES ('11088', '295ca3b8-4c36-4dfc-a6b8-33783a38ae4d', '2 oz', 'oz', 2, 'oz');
INSERT OR IGNORE INTO cocktail_ingredients (cocktail_id, ingredient_id, quantity, unit, quantity_num, unit_norm) VALUES ('11088', '874b88ae-a253-4d0c-9de9-37667c3b1fb2', '0.75 oz', 'oz', 0.75, 'oz');
INSERT OR IGNORE INTO cocktail_ingredients (cocktail_id, ingredient_id, quantity, unit, quantity_num, unit_norm) VALUES ('11088', '3a073c80-292a-415d-bf50-944a3ee9f4c5', '0.75 oz', 'oz', 0.75, 'oz');
INSERT OR IGNORE INTO cocktail_ingredients (cocktail_id, ingredient_id, quantity, unit, quantity_num, unit_norm) VALUES ('11088', '6f6a25ee-cb6c-4e6c-9eff-bda09dd61a48', '1', NULL, NULL, NULL);
INSERT OR IGNORE INTO cocktail_ingredients (cocktail_id, ingredient_id, quantity, unit, quantity_num, unit_norm) VALUES ('11089', '295ca3b8-4c36-4dfc-a6b8-33783a38ae4d', '1.5 oz', 'oz', 1.5, 'oz');
INSERT OR IGNORE INTO cocktail_ingredients (cocktail_id, ingredient_id, quantity, unit, quantity_num, unit_norm) VALUES ('11089', 'b55a5a4f-7624-4352-b773-63232f021a41', '1 oz', 'oz', 1, 'oz');
INSERT OR IGNORE INTO cocktail_ingredients (cocktail_id, ingredient_id, quantity, unit, quantity_num, unit_norm) VALUES ('11089', '874b88ae-a253-4d0c-9de9-37667c3b1fb2', '0.75 oz', 'oz', 0.75, 'oz');
INSERT OR IGNORE INTO cocktail_ingredients (cocktail_id, ingredient_id, quantity, unit, quantity_num, unit_norm) VALUES ('11089', '6f6a25ee-cb6c-4e6c-9eff-bda09dd61a48', '1', NULL, NULL, NULL);
INSERT OR IGNORE INTO cocktail_ingredients (cocktail_id, ingredient_id, quantity, unit, quantity_num, unit_norm) VALUES ('11090', '295ca3b8-4c36-4dfc-a6b8-33783a38ae4d', '1.5 oz', 'oz', 1.5, 'oz');
INSERT OR IGNORE INTO cocktail_ingredients (cocktail_id, ingredient_id, quantity, unit, quantity_num, unit_norm) VALUES ('11090', '44e0ee08-250c-4768-b4bf-53421bb02945', '0.5 oz', 'oz', 0.5, 'oz');
INSERT OR IGNORE INTO cocktail_ingredients (cocktail_id, ingredient_id, quantity, unit, quantity_num, unit_norm) VALUES ('11090', 'b55a5a4f-7624-4352-b773-63232f021a41', '0.25 oz', 'oz', 0.25, 'oz');
INSERT OR IGNORE INTO cocktail_ingredients (cocktail_id, ingredient_id, quantity, unit, quantity_num, unit_norm) VALUES ('11090', '9133b89d-d3bf-4c40-ab6e-9884fcb414fb', '0.25 oz', 'oz', 0.25, 'oz');
INSERT OR IGNORE INTO cocktail_ingredients (cocktail_id, ingredient_id, quantity, unit, quantity_num, unit_norm) VALUES ('11090', '807564f3-f42b-4d11-ad2e-b11d2725d208', '0.25 oz', 'oz', 0.25, 'oz');
INSERT OR IGNORE INTO cocktail_ingredients (cocktail_id, ingredient_id, quantity, unit, quantity_num, unit_norm) VALUES ('11090', 'a98e8f50-4b20-4231-9cb5-5073d0886fd3', '0.5 oz', 'oz', 0.5, 'oz');
INSERT OR IGNORE INTO cocktail_ingredients (cocktail_id, ingredient_id, quantity, unit, quantity_num, unit_norm) VALUES ('11090', 'a2ed036b-5e8b-4ca6-8be1-520c6a5c2d8e', '4 oz', 'oz', 4, 'oz');
INSERT OR IGNORE INTO cocktail_ingredients (cocktail_id, ingredient_id, quantity, unit, quantity_num, unit_norm) VALUES ('11090', '88d034dc-ce49-4c9b-95cf-a76dbd292b3c', '1 dash', 'dash', 1, 'dash');
INSERT OR IGNORE INTO cocktail_ingredients (cocktail_id, ingredient_id, quantity, unit, quantity_num, unit_norm) VALUES ('11091', '87015cd0-9fdd-4fa8-8062-fe32038e3e8b', '2 oz', 'oz', 2, 'oz');
INSERT OR IGNORE INTO cocktail_ingredients (cocktail_id, ingredient_id, quantity, unit, quantity_num, unit_norm) VALUES ('11091', '873e7d34-eb3f-436f-a8ad-6cca035ec3bd', '4 oz', 'oz', 4, 'oz');
INSERT OR IGNORE INTO cocktail_ingredients (cocktail_id, ingredient_id, quantity, unit, quantity_num, unit_norm) VALUES ('11091', 'a98e8f50-4b20-4231-9cb5-5073d0886fd3', '0.5 oz', 'oz', 0.5, 'oz');
INSERT OR IGNORE INTO cocktail_ingredients (cocktail_id, ingredient_id, quantity, unit, quantity_num, unit_norm) VALUES ('11092', '69cd06a3-f73a-4bfe-99e2-8c72871d551d', '1 oz', 'oz', 1, 'oz');
INSERT OR IGNORE INTO cocktail_ingredients (cocktail_id, ingredient_id, quantity, unit, quantity_num, unit_norm) VALUES ('11092', '1612951a-2184-4b96-b201-e5566b7cd056', '1 oz', 'oz', 1, 'oz');
INSERT OR IGNORE INTO cocktail_ingredients (cocktail_id, ingredient_id, quantity, unit, quantity_num, unit_norm) VALUES ('11092', '9ddf20c9-88f0-43e1-9f82-46fd3c0e1a29', '1 oz', 'oz', 1, 'oz');
INSERT OR IGNORE INTO cocktail_ingredients (cocktail_id, ingredient_id, quantity, unit, quantity_num, unit_norm) VALUES ('11092', 'a98e8f50-4b20-4231-9cb5-5073d0886fd3', '0.5 oz', 'oz', 0.5, 'oz');
INSERT OR IGNORE INTO cocktail_ingredients (cocktail_id, ingredient_id, quantity, unit, quantity_num, unit_norm) VALUES ('11092', '19d43c75-4d71-4cfc-872a-c9ca1d004674', '1 oz', 'oz', 1, 'oz');
INSERT OR IGNORE INTO cocktail_ingredients (cocktail_id, ingredient_id, quantity, unit, quantity_num, unit_norm) VALUES ('11092', '807564f3-f42b-4d11-ad2e-b11d2725d208', '0.25 oz', 'oz', 0.25, 'oz');
INSERT OR IGNORE INTO cocktail_ingredients (cocktail_id, ingredient_id, quantity, unit, quantity_num, unit_norm) VALUES ('11093', '14dbd2ae-24c5-43c6-9dcc-364caee13ae5', '1.5 oz', 'oz', 1.5, 'oz');
INSERT OR IGNORE INTO cocktail_ingredients (cocktail_id, ingredient_id, quantity, unit, quantity_num, unit_norm) VALUES ('11093', '7a7c4ccb-af29-4c8b-84cc-254851e16aa7', '0.5 oz', 'oz', 0.5, 'oz');
INSERT OR IGNORE INTO cocktail_ingredients (cocktail_id, ingredient_id, quantity, unit, quantity_num, unit_norm) VALUES ('11093', 'a98e8f50-4b20-4231-9cb5-5073d0886fd3', '1 oz', 'oz', 1, 'oz');
INSERT OR IGNORE INTO cocktail_ingredients (cocktail_id, ingredient_id, quantity, unit, quantity_num, unit_norm) VALUES ('11093', '0953a8d7-058b-4f8b-9f22-507e34548668', '0.5 oz', 'oz', 0.5, 'oz');
INSERT OR IGNORE INTO cocktail_ingredients (cocktail_id, ingredient_id, quantity, unit, quantity_num, unit_norm) VALUES ('11093', '648af43c-df94-4cc5-b7a8-f284498c95bc', '0.5 oz', 'oz', 0.5, 'oz');
INSERT OR IGNORE INTO cocktail_ingredients (cocktail_id, ingredient_id, quantity, unit, quantity_num, unit_norm) VALUES ('11094', 'b64832c4-e011-4e4c-b577-9e9c3a9681b1', '1.5 oz', 'oz', 1.5, 'oz');
INSERT OR IGNORE INTO cocktail_ingredients (cocktail_id, ingredient_id, quantity, unit, quantity_num, unit_norm) VALUES ('11094', '40c256ce-a292-4d9a-b185-43626cadb1a3', '0.75 oz', 'oz', 0.75, 'oz');
INSERT OR IGNORE INTO cocktail_ingredients (cocktail_id, ingredient_id, quantity, unit, quantity_num, unit_norm) VALUES ('11094', 'a98e8f50-4b20-4231-9cb5-5073d0886fd3', '0.5 oz', 'oz', 0.5, 'oz');
INSERT OR IGNORE INTO cocktail_ingredients (cocktail_id, ingredient_id, quantity, unit, quantity_num, unit_norm) VALUES ('11094', 'a2ed036b-5e8b-4ca6-8be1-520c6a5c2d8e', '1.5 oz', 'oz', 1.5, 'oz');
INSERT OR IGNORE INTO cocktail_ingredients (cocktail_id, ingredient_id, quantity, unit, quantity_num, unit_norm) VALUES ('11094', 'b23f0cc8-15bb-49b5-8f06-923bbbf2ae0d', '0.5 oz', 'oz', 0.5, 'oz');
INSERT OR IGNORE INTO cocktail_ingredients (cocktail_id, ingredient_id, quantity, unit, quantity_num, unit_norm) VALUES ('11095', '69cd06a3-f73a-4bfe-99e2-8c72871d551d', '2 oz', 'oz', 2, 'oz');
INSERT OR IGNORE INTO cocktail_ingredients (cocktail_id, ingredient_id, quantity, unit, quantity_num, unit_norm) VALUES ('11095', 'a98e8f50-4b20-4231-9cb5-5073d0886fd3', '0.75 oz', 'oz', 0.75, 'oz');
INSERT OR IGNORE INTO cocktail_ingredients (cocktail_id, ingredient_id, quantity, unit, quantity_num, unit_norm) VALUES ('11095', '1449f43f-49a4-4c4c-805e-b6a7c7a7ffd8', '0.5 oz', 'oz', 0.5, 'oz');
INSERT OR IGNORE INTO cocktail_ingredients (cocktail_id, ingredient_id, quantity, unit, quantity_num, unit_norm) VALUES ('11095', '35d2a0e1-d8bd-42c4-bb09-c21774eca752', '0.5 oz', 'oz', 0.5, 'oz');
INSERT OR IGNORE INTO cocktail_ingredients (cocktail_id, ingredient_id, quantity, unit, quantity_num, unit_norm) VALUES ('11096', '4d646245-fc9c-4533-8f62-c91627a2a030', '2 oz', 'oz', 2, 'oz');
INSERT OR IGNORE INTO cocktail_ingredients (cocktail_id, ingredient_id, quantity, unit, quantity_num, unit_norm) VALUES ('11096', 'e84a2b09-43b6-4f8e-b9a5-e0adee594ccd', 'half (quartered)', NULL, NULL, NULL);
INSERT OR IGNORE INTO cocktail_ingredients (cocktail_id, ingredient_id, quantity, unit, quantity_num, unit_norm) VALUES ('11096', 'a1697283-44c9-4700-9f99-f119b5af0bec', '2 tsp', 'tsp', 2, 'tsp');
INSERT OR IGNORE INTO cocktail_ingredients (cocktail_id, ingredient_id, quantity, unit, quantity_num, unit_norm) VALUES ('11097', '1c780382-2851-4172-b019-c1bd1c93c0c8', '2 oz', 'oz', 2, 'oz');
INSERT OR IGNORE INTO cocktail_ingredients (cocktail_id, ingredient_id, quantity, unit, quantity_num, unit_norm) VALUES ('11097', '41be3597-388e-4032-9f43-a447db82617a', '1 oz', 'oz', 1, 'oz');
INSERT OR IGNORE INTO cocktail_ingredients (cocktail_id, ingredient_id, quantity, unit, quantity_num, unit_norm) VALUES ('11097', '88d034dc-ce49-4c9b-95cf-a76dbd292b3c', '2 dashes', 'dash', 2, 'dash');
INSERT OR IGNORE INTO cocktail_ingredients (cocktail_id, ingredient_id, quantity, unit, quantity_num, unit_norm) VALUES ('11098', '1c780382-2851-4172-b019-c1bd1c93c0c8', '2 oz', 'oz', 2, 'oz');
INSERT OR IGNORE INTO cocktail_ingredients (cocktail_id, ingredient_id, quantity, unit, quantity_num, unit_norm) VALUES ('11098', '2a4c68df-efd6-46c5-98cc-436ad3e4a5c2', '0.5 oz', 'oz', 0.5, 'oz');
INSERT OR IGNORE INTO cocktail_ingredients (cocktail_id, ingredient_id, quantity, unit, quantity_num, unit_norm) VALUES ('11099', '4138c170-82e0-4c37-bd5c-e95ec0764d17', '1.5 oz', 'oz', 1.5, 'oz');
INSERT OR IGNORE INTO cocktail_ingredients (cocktail_id, ingredient_id, quantity, unit, quantity_num, unit_norm) VALUES ('11099', '40c256ce-a292-4d9a-b185-43626cadb1a3', '1 oz', 'oz', 1, 'oz');
INSERT OR IGNORE INTO cocktail_ingredients (cocktail_id, ingredient_id, quantity, unit, quantity_num, unit_norm) VALUES ('11099', '41be3597-388e-4032-9f43-a447db82617a', '1 oz', 'oz', 1, 'oz');
INSERT OR IGNORE INTO cocktail_ingredients (cocktail_id, ingredient_id, quantity, unit, quantity_num, unit_norm) VALUES ('11100', '878de78a-0954-46d6-9566-81f9d7b274b7', '2 oz', 'oz', 2, 'oz');
INSERT OR IGNORE INTO cocktail_ingredients (cocktail_id, ingredient_id, quantity, unit, quantity_num, unit_norm) VALUES ('11100', 'fe667164-f07e-4d92-a175-d9dcc19c73aa', '0.25 oz', 'oz', 0.25, 'oz');
INSERT OR IGNORE INTO cocktail_ingredients (cocktail_id, ingredient_id, quantity, unit, quantity_num, unit_norm) VALUES ('11100', 'b23f0cc8-15bb-49b5-8f06-923bbbf2ae0d', '0.25 oz', 'oz', 0.25, 'oz');
INSERT OR IGNORE INTO cocktail_ingredients (cocktail_id, ingredient_id, quantity, unit, quantity_num, unit_norm) VALUES ('11100', '88d034dc-ce49-4c9b-95cf-a76dbd292b3c', '2 dashes', 'dash', 2, 'dash');
INSERT OR IGNORE INTO cocktail_ingredients (cocktail_id, ingredient_id, quantity, unit, quantity_num, unit_norm) VALUES ('11101', '878de78a-0954-46d6-9566-81f9d7b274b7', '2 oz', 'oz', 2, 'oz');
INSERT OR IGNORE INTO cocktail_ingredients (cocktail_id, ingredient_id, quantity, unit, quantity_num, unit_norm) VALUES ('11101', 'c4e4494f-ba4b-4809-84bd-99fa969bf31f', '1 oz', 'oz', 1, 'oz');
INSERT OR IGNORE INTO cocktail_ingredients (cocktail_id, ingredient_id, quantity, unit, quantity_num, unit_norm) VALUES ('11101', '88d034dc-ce49-4c9b-95cf-a76dbd292b3c', '1 dash', 'dash', 1, 'dash');
INSERT OR IGNORE INTO cocktail_ingredients (cocktail_id, ingredient_id, quantity, unit, quantity_num, unit_norm) VALUES ('11101', '3552968a-272e-4bb0-b468-dc573b327382', '1 dash', 'dash', 1, 'dash');
INSERT OR IGNORE INTO cocktail_ingredients (cocktail_id, ingredient_id, quantity, unit, quantity_num, unit_norm) VALUES ('11102', '3feefd02-0ec0-4929-8e4f-e7f5fc68bbc0', '1.5 oz', 'oz', 1.5, 'oz');
INSERT OR IGNORE INTO cocktail_ingredients (cocktail_id, ingredient_id, quantity, unit, quantity_num, unit_norm) VALUES ('11102', '8a47dc2c-87fe-4ab2-9180-bdf9dede2c55', '4 oz', 'oz', 4, 'oz');
INSERT OR IGNORE INTO cocktail_ingredients (cocktail_id, ingredient_id, quantity, unit, quantity_num, unit_norm) VALUES ('11102', '2f482312-857a-4aba-b692-00b6de09813d', '1 tsp', 'tsp', 1, 'tsp');
INSERT OR IGNORE INTO cocktail_ingredients (cocktail_id, ingredient_id, quantity, unit, quantity_num, unit_norm) VALUES ('11102', '2905bfd3-b840-44e2-9188-fa2f3a974b01', '1 oz (lightly whipped)', NULL, NULL, NULL);
INSERT OR IGNORE INTO cocktail_ingredients (cocktail_id, ingredient_id, quantity, unit, quantity_num, unit_norm) VALUES ('11103', '65565d43-9909-4b1d-9eee-8f4fed60c99e', '1.5 oz', 'oz', 1.5, 'oz');
INSERT OR IGNORE INTO cocktail_ingredients (cocktail_id, ingredient_id, quantity, unit, quantity_num, unit_norm) VALUES ('11103', '06acd2c6-d5ee-447e-8cf5-6d537c425310', '1 oz', 'oz', 1, 'oz');
INSERT OR IGNORE INTO cocktail_ingredients (cocktail_id, ingredient_id, quantity, unit, quantity_num, unit_norm) VALUES ('11103', 'ebf6eb61-801e-4860-8c45-845da8fb3d60', '2 oz', 'oz', 2, 'oz');
INSERT OR IGNORE INTO cocktail_ingredients (cocktail_id, ingredient_id, quantity, unit, quantity_num, unit_norm) VALUES ('11103', '09535e29-9d4f-476b-9189-f38983137806', '2 oz', 'oz', 2, 'oz');
INSERT OR IGNORE INTO cocktail_ingredients (cocktail_id, ingredient_id, quantity, unit, quantity_num, unit_norm) VALUES ('11104', '65565d43-9909-4b1d-9eee-8f4fed60c99e', '1.5 oz', 'oz', 1.5, 'oz');
INSERT OR IGNORE INTO cocktail_ingredients (cocktail_id, ingredient_id, quantity, unit, quantity_num, unit_norm) VALUES ('11104', '19d43c75-4d71-4cfc-872a-c9ca1d004674', '4 oz', 'oz', 4, 'oz');
INSERT OR IGNORE INTO cocktail_ingredients (cocktail_id, ingredient_id, quantity, unit, quantity_num, unit_norm) VALUES ('11104', '6a528dfa-c9d7-4b72-8315-d243092e0818', '0.5 oz (float)', NULL, NULL, NULL);
INSERT OR IGNORE INTO cocktail_ingredients (cocktail_id, ingredient_id, quantity, unit, quantity_num, unit_norm) VALUES ('11105', '65565d43-9909-4b1d-9eee-8f4fed60c99e', '2 oz', 'oz', 2, 'oz');
INSERT OR IGNORE INTO cocktail_ingredients (cocktail_id, ingredient_id, quantity, unit, quantity_num, unit_norm) VALUES ('11105', '475b8801-7fd3-489a-895b-154d9a83bc51', '1 oz', 'oz', 1, 'oz');
INSERT OR IGNORE INTO cocktail_ingredients (cocktail_id, ingredient_id, quantity, unit, quantity_num, unit_norm) VALUES ('11105', '2905bfd3-b840-44e2-9188-fa2f3a974b01', '1 oz', 'oz', 1, 'oz');
INSERT OR IGNORE INTO cocktail_ingredients (cocktail_id, ingredient_id, quantity, unit, quantity_num, unit_norm) VALUES ('11106', '65565d43-9909-4b1d-9eee-8f4fed60c99e', '2 oz', 'oz', 2, 'oz');
INSERT OR IGNORE INTO cocktail_ingredients (cocktail_id, ingredient_id, quantity, unit, quantity_num, unit_norm) VALUES ('11106', '475b8801-7fd3-489a-895b-154d9a83bc51', '1 oz', 'oz', 1, 'oz');
INSERT OR IGNORE INTO cocktail_ingredients (cocktail_id, ingredient_id, quantity, unit, quantity_num, unit_norm) VALUES ('11107', '36386705-910d-4b4c-8280-1a7617c9f2c9', '2 oz', 'oz', 2, 'oz');
INSERT OR IGNORE INTO cocktail_ingredients (cocktail_id, ingredient_id, quantity, unit, quantity_num, unit_norm) VALUES ('11107', 'adc5c277-3545-46c8-8ebb-b9b0867b38b9', '1 oz', 'oz', 1, 'oz');
INSERT OR IGNORE INTO cocktail_ingredients (cocktail_id, ingredient_id, quantity, unit, quantity_num, unit_norm) VALUES ('11107', 'd1fac050-c632-453e-8dca-2a5bf141f538', '0.5 oz', 'oz', 0.5, 'oz');
INSERT OR IGNORE INTO cocktail_ingredients (cocktail_id, ingredient_id, quantity, unit, quantity_num, unit_norm) VALUES ('11107', 'a98e8f50-4b20-4231-9cb5-5073d0886fd3', '0.5 oz', 'oz', 0.5, 'oz');
INSERT OR IGNORE INTO cocktail_ingredients (cocktail_id, ingredient_id, quantity, unit, quantity_num, unit_norm) VALUES ('11107', '3b8278c1-385c-4a87-ac7f-474316b49200', '2 oz (side shot)', NULL, NULL, NULL);
INSERT OR IGNORE INTO cocktail_ingredients (cocktail_id, ingredient_id, quantity, unit, quantity_num, unit_norm) VALUES ('11108', '56a9f5f6-41fb-4f0d-9d2e-632807d8c3bd', '2 oz', 'oz', 2, 'oz');
INSERT OR IGNORE INTO cocktail_ingredients (cocktail_id, ingredient_id, quantity, unit, quantity_num, unit_norm) VALUES ('11108', '19d43c75-4d71-4cfc-872a-c9ca1d004674', '4 oz', 'oz', 4, 'oz');
INSERT OR IGNORE INTO cocktail_ingredients (cocktail_id, ingredient_id, quantity, unit, quantity_num, unit_norm) VALUES ('11108', '807564f3-f42b-4d11-ad2e-b11d2725d208', '0.5 oz', 'oz', 0.5, 'oz');
INSERT OR IGNORE INTO cocktail_ingredients (cocktail_id, ingredient_id, quantity, unit, quantity_num, unit_norm) VALUES ('11109', 'd28856bc-c80e-43ce-81f3-faaa202b2ff4', '1.5 oz', 'oz', 1.5, 'oz');
INSERT OR IGNORE INTO cocktail_ingredients (cocktail_id, ingredient_id, quantity, unit, quantity_num, unit_norm) VALUES ('11109', '136e9d5c-e8b0-4428-a8ab-6de2cbb8a2d9', '0.5 oz', 'oz', 0.5, 'oz');
INSERT OR IGNORE INTO cocktail_ingredients (cocktail_id, ingredient_id, quantity, unit, quantity_num, unit_norm) VALUES ('11109', 'a98e8f50-4b20-4231-9cb5-5073d0886fd3', '0.5 oz', 'oz', 0.5, 'oz');
INSERT OR IGNORE INTO cocktail_ingredients (cocktail_id, ingredient_id, quantity, unit, quantity_num, unit_norm) VALUES ('11109', '873e7d34-eb3f-436f-a8ad-6cca035ec3bd', '3 oz', 'oz', 3, 'oz');
INSERT OR IGNORE INTO cocktail_ingredients (cocktail_id, ingredient_id, quantity, unit, quantity_num, unit_norm) VALUES ('11110', '910a7d3e-9161-4058-b5ba-cbdab63f777d', '0.75 oz', 'oz', 0.75, 'oz');
INSERT OR IGNORE INTO cocktail_ingredients (cocktail_id, ingredient_id, quantity, unit, quantity_num, unit_norm) VALUES ('11110', 'd006c13c-1c00-49d1-8735-36fe58f162d2', '0.75 oz', 'oz', 0.75, 'oz');
INSERT OR IGNORE INTO cocktail_ingredients (cocktail_id, ingredient_id, quantity, unit, quantity_num, unit_norm) VALUES ('11110', '9d2136be-608c-43c5-a1a0-5e4f2193084a', '0.75 oz', 'oz', 0.75, 'oz');
INSERT OR IGNORE INTO cocktail_ingredients (cocktail_id, ingredient_id, quantity, unit, quantity_num, unit_norm) VALUES ('11110', 'a98e8f50-4b20-4231-9cb5-5073d0886fd3', '0.75 oz', 'oz', 0.75, 'oz');
INSERT OR IGNORE INTO cocktail_ingredients (cocktail_id, ingredient_id, quantity, unit, quantity_num, unit_norm) VALUES ('11111', 'd805facd-5a6e-411f-8a40-0b82e2e8a490', '2 oz', 'oz', 2, 'oz');
INSERT OR IGNORE INTO cocktail_ingredients (cocktail_id, ingredient_id, quantity, unit, quantity_num, unit_norm) VALUES ('11111', 'a98e8f50-4b20-4231-9cb5-5073d0886fd3', '1 oz', 'oz', 1, 'oz');
INSERT OR IGNORE INTO cocktail_ingredients (cocktail_id, ingredient_id, quantity, unit, quantity_num, unit_norm) VALUES ('11111', 'b23f0cc8-15bb-49b5-8f06-923bbbf2ae0d', '0.75 oz', 'oz', 0.75, 'oz');
INSERT OR IGNORE INTO cocktail_ingredients (cocktail_id, ingredient_id, quantity, unit, quantity_num, unit_norm) VALUES ('11111', '6f6a25ee-cb6c-4e6c-9eff-bda09dd61a48', '1', NULL, NULL, NULL);
INSERT OR IGNORE INTO cocktail_ingredients (cocktail_id, ingredient_id, quantity, unit, quantity_num, unit_norm) VALUES ('11112', '40c256ce-a292-4d9a-b185-43626cadb1a3', '2 oz', 'oz', 2, 'oz');
INSERT OR IGNORE INTO cocktail_ingredients (cocktail_id, ingredient_id, quantity, unit, quantity_num, unit_norm) VALUES ('11112', 'a4944f6c-3e24-4b0d-9198-f4f3243b67c5', '4 oz (freshly juiced)', NULL, NULL, NULL);
INSERT OR IGNORE INTO cocktail_ingredients (cocktail_id, ingredient_id, quantity, unit, quantity_num, unit_norm) VALUES ('11113', '136e9d5c-e8b0-4428-a8ab-6de2cbb8a2d9', '0.5 oz', 'oz', 0.5, 'oz');
INSERT OR IGNORE INTO cocktail_ingredients (cocktail_id, ingredient_id, quantity, unit, quantity_num, unit_norm) VALUES ('11113', 'c50baece-edd3-43c8-b56e-90a4c62b9cd2', '5 oz', 'oz', 5, 'oz');
INSERT OR IGNORE INTO cocktail_ingredients (cocktail_id, ingredient_id, quantity, unit, quantity_num, unit_norm) VALUES ('11114', '295ca3b8-4c36-4dfc-a6b8-33783a38ae4d', '1.5 oz', 'oz', 1.5, 'oz');
INSERT OR IGNORE INTO cocktail_ingredients (cocktail_id, ingredient_id, quantity, unit, quantity_num, unit_norm) VALUES ('11114', '52ae21a4-9376-45bd-9a1f-e85a58d475c1', '1 oz', 'oz', 1, 'oz');
INSERT OR IGNORE INTO cocktail_ingredients (cocktail_id, ingredient_id, quantity, unit, quantity_num, unit_norm) VALUES ('11114', '874b88ae-a253-4d0c-9de9-37667c3b1fb2', '0.75 oz', 'oz', 0.75, 'oz');
INSERT OR IGNORE INTO cocktail_ingredients (cocktail_id, ingredient_id, quantity, unit, quantity_num, unit_norm) VALUES ('11114', '4801e6e6-deee-41a6-b83f-b16c6006bd8c', '2 oz', 'oz', 2, 'oz');
INSERT OR IGNORE INTO cocktail_ingredients (cocktail_id, ingredient_id, quantity, unit, quantity_num, unit_norm) VALUES ('11115', 'd006c13c-1c00-49d1-8735-36fe58f162d2', '1 oz', 'oz', 1, 'oz');
INSERT OR IGNORE INTO cocktail_ingredients (cocktail_id, ingredient_id, quantity, unit, quantity_num, unit_norm) VALUES ('11115', '52ae21a4-9376-45bd-9a1f-e85a58d475c1', '0.5 oz', 'oz', 0.5, 'oz');
INSERT OR IGNORE INTO cocktail_ingredients (cocktail_id, ingredient_id, quantity, unit, quantity_num, unit_norm) VALUES ('11115', '3b8278c1-385c-4a87-ac7f-474316b49200', '3 oz', 'oz', 3, 'oz');
INSERT OR IGNORE INTO cocktail_ingredients (cocktail_id, ingredient_id, quantity, unit, quantity_num, unit_norm) VALUES ('11115', '4801e6e6-deee-41a6-b83f-b16c6006bd8c', '1 oz', 'oz', 1, 'oz');
INSERT OR IGNORE INTO cocktail_ingredients (cocktail_id, ingredient_id, quantity, unit, quantity_num, unit_norm) VALUES ('11115', 'cd84474d-0d9f-42ed-bcdc-8693f26d6ac4', '2 sprigs', NULL, NULL, NULL);
INSERT OR IGNORE INTO cocktail_ingredients (cocktail_id, ingredient_id, quantity, unit, quantity_num, unit_norm) VALUES ('11116', '37ad93d8-cf7d-470f-901d-93cf911d1b8d', '1.5 oz', 'oz', 1.5, 'oz');
INSERT OR IGNORE INTO cocktail_ingredients (cocktail_id, ingredient_id, quantity, unit, quantity_num, unit_norm) VALUES ('11116', 'ba9b8fc1-eb07-4dc2-ae21-e19c1056a043', '1 oz', 'oz', 1, 'oz');
INSERT OR IGNORE INTO cocktail_ingredients (cocktail_id, ingredient_id, quantity, unit, quantity_num, unit_norm) VALUES ('11116', '2905bfd3-b840-44e2-9188-fa2f3a974b01', '1 oz', 'oz', 1, 'oz');
INSERT OR IGNORE INTO cocktail_ingredients (cocktail_id, ingredient_id, quantity, unit, quantity_num, unit_norm) VALUES ('11117', '295ca3b8-4c36-4dfc-a6b8-33783a38ae4d', '0.75 oz', 'oz', 0.75, 'oz');
INSERT OR IGNORE INTO cocktail_ingredients (cocktail_id, ingredient_id, quantity, unit, quantity_num, unit_norm) VALUES ('11117', 'b55a5a4f-7624-4352-b773-63232f021a41', '0.75 oz', 'oz', 0.75, 'oz');
INSERT OR IGNORE INTO cocktail_ingredients (cocktail_id, ingredient_id, quantity, unit, quantity_num, unit_norm) VALUES ('11117', '963ded96-5886-44f2-8651-12b3c437da10', '0.75 oz', 'oz', 0.75, 'oz');
INSERT OR IGNORE INTO cocktail_ingredients (cocktail_id, ingredient_id, quantity, unit, quantity_num, unit_norm) VALUES ('11117', '874b88ae-a253-4d0c-9de9-37667c3b1fb2', '0.75 oz', 'oz', 0.75, 'oz');
INSERT OR IGNORE INTO cocktail_ingredients (cocktail_id, ingredient_id, quantity, unit, quantity_num, unit_norm) VALUES ('11117', '33d2d3de-8cf3-45ee-8679-47cd2b1b9c93', 'rinse', NULL, NULL, NULL);
INSERT OR IGNORE INTO cocktail_ingredients (cocktail_id, ingredient_id, quantity, unit, quantity_num, unit_norm) VALUES ('11118', '878de78a-0954-46d6-9566-81f9d7b274b7', '0.75 oz', 'oz', 0.75, 'oz');
INSERT OR IGNORE INTO cocktail_ingredients (cocktail_id, ingredient_id, quantity, unit, quantity_num, unit_norm) VALUES ('11118', '37ad93d8-cf7d-470f-901d-93cf911d1b8d', '0.75 oz', 'oz', 0.75, 'oz');
INSERT OR IGNORE INTO cocktail_ingredients (cocktail_id, ingredient_id, quantity, unit, quantity_num, unit_norm) VALUES ('11118', '41be3597-388e-4032-9f43-a447db82617a', '0.75 oz', 'oz', 0.75, 'oz');
INSERT OR IGNORE INTO cocktail_ingredients (cocktail_id, ingredient_id, quantity, unit, quantity_num, unit_norm) VALUES ('11118', '9133b89d-d3bf-4c40-ab6e-9884fcb414fb', '1 tsp', 'tsp', 1, 'tsp');
INSERT OR IGNORE INTO cocktail_ingredients (cocktail_id, ingredient_id, quantity, unit, quantity_num, unit_norm) VALUES ('11118', '2c4fa510-ba86-4c22-922b-142c0be89565', '2 dashes', 'dash', 2, 'dash');
INSERT OR IGNORE INTO cocktail_ingredients (cocktail_id, ingredient_id, quantity, unit, quantity_num, unit_norm) VALUES ('11118', '88d034dc-ce49-4c9b-95cf-a76dbd292b3c', '2 dashes', 'dash', 2, 'dash');
INSERT OR IGNORE INTO cocktail_ingredients (cocktail_id, ingredient_id, quantity, unit, quantity_num, unit_norm) VALUES ('11119', '487bb95b-0836-4b38-a05b-a1561ec982ff', '1.5 oz', 'oz', 1.5, 'oz');
INSERT OR IGNORE INTO cocktail_ingredients (cocktail_id, ingredient_id, quantity, unit, quantity_num, unit_norm) VALUES ('11119', 'd9aeeb16-af41-4e0a-9dee-1f6064a3b147', '0.75 oz', 'oz', 0.75, 'oz');
INSERT OR IGNORE INTO cocktail_ingredients (cocktail_id, ingredient_id, quantity, unit, quantity_num, unit_norm) VALUES ('11119', '874b88ae-a253-4d0c-9de9-37667c3b1fb2', '1 oz', 'oz', 1, 'oz');
INSERT OR IGNORE INTO cocktail_ingredients (cocktail_id, ingredient_id, quantity, unit, quantity_num, unit_norm) VALUES ('11119', 'b23f0cc8-15bb-49b5-8f06-923bbbf2ae0d', '0.25 oz', 'oz', 0.25, 'oz');
INSERT OR IGNORE INTO cocktail_ingredients (cocktail_id, ingredient_id, quantity, unit, quantity_num, unit_norm) VALUES ('11119', '6f6a25ee-cb6c-4e6c-9eff-bda09dd61a48', '1', NULL, NULL, NULL);
INSERT OR IGNORE INTO cocktail_ingredients (cocktail_id, ingredient_id, quantity, unit, quantity_num, unit_norm) VALUES ('11120', 'ba548ce5-c1b5-418e-a8b3-4cf0be67db78', '1.5 oz', 'oz', 1.5, 'oz');
INSERT OR IGNORE INTO cocktail_ingredients (cocktail_id, ingredient_id, quantity, unit, quantity_num, unit_norm) VALUES ('11120', '40c256ce-a292-4d9a-b185-43626cadb1a3', '0.75 oz', 'oz', 0.75, 'oz');
INSERT OR IGNORE INTO cocktail_ingredients (cocktail_id, ingredient_id, quantity, unit, quantity_num, unit_norm) VALUES ('11120', 'a2ed036b-5e8b-4ca6-8be1-520c6a5c2d8e', '1.5 oz', 'oz', 1.5, 'oz');
INSERT OR IGNORE INTO cocktail_ingredients (cocktail_id, ingredient_id, quantity, unit, quantity_num, unit_norm) VALUES ('11120', 'a98e8f50-4b20-4231-9cb5-5073d0886fd3', '0.5 oz', 'oz', 0.5, 'oz');
INSERT OR IGNORE INTO cocktail_ingredients (cocktail_id, ingredient_id, quantity, unit, quantity_num, unit_norm) VALUES ('11120', '61855d87-3c0d-4dee-a313-8546fff0ba9a', '0.5 oz', 'oz', 0.5, 'oz');
INSERT OR IGNORE INTO cocktail_ingredients (cocktail_id, ingredient_id, quantity, unit, quantity_num, unit_norm) VALUES ('11121', '4138c170-82e0-4c37-bd5c-e95ec0764d17', '2 oz', 'oz', 2, 'oz');
INSERT OR IGNORE INTO cocktail_ingredients (cocktail_id, ingredient_id, quantity, unit, quantity_num, unit_norm) VALUES ('11121', '874b88ae-a253-4d0c-9de9-37667c3b1fb2', '0.75 oz', 'oz', 0.75, 'oz');
INSERT OR IGNORE INTO cocktail_ingredients (cocktail_id, ingredient_id, quantity, unit, quantity_num, unit_norm) VALUES ('11121', 'b23f0cc8-15bb-49b5-8f06-923bbbf2ae0d', '0.75 oz', 'oz', 0.75, 'oz');
INSERT OR IGNORE INTO cocktail_ingredients (cocktail_id, ingredient_id, quantity, unit, quantity_num, unit_norm) VALUES ('11121', '6f6a25ee-cb6c-4e6c-9eff-bda09dd61a48', '1', NULL, NULL, NULL);
INSERT OR IGNORE INTO cocktail_ingredients (cocktail_id, ingredient_id, quantity, unit, quantity_num, unit_norm) VALUES ('11121', '033830de-7b2b-4b40-863d-114201368e3c', '0.5 oz (float)', NULL, NULL, NULL);
INSERT OR IGNORE INTO cocktail_ingredients (cocktail_id, ingredient_id, quantity, unit, quantity_num, unit_norm) VALUES ('11122', '878de78a-0954-46d6-9566-81f9d7b274b7', '2 oz', 'oz', 2, 'oz');
INSERT OR IGNORE INTO cocktail_ingredients (cocktail_id, ingredient_id, quantity, unit, quantity_num, unit_norm) VALUES ('11122', '874b88ae-a253-4d0c-9de9-37667c3b1fb2', '0.75 oz', 'oz', 0.75, 'oz');
INSERT OR IGNORE INTO cocktail_ingredients (cocktail_id, ingredient_id, quantity, unit, quantity_num, unit_norm) VALUES ('11122', 'b23f0cc8-15bb-49b5-8f06-923bbbf2ae0d', '0.75 oz', 'oz', 0.75, 'oz');
INSERT OR IGNORE INTO cocktail_ingredients (cocktail_id, ingredient_id, quantity, unit, quantity_num, unit_norm) VALUES ('11122', '6f6a25ee-cb6c-4e6c-9eff-bda09dd61a48', '1', NULL, NULL, NULL);
INSERT OR IGNORE INTO cocktail_ingredients (cocktail_id, ingredient_id, quantity, unit, quantity_num, unit_norm) VALUES ('11122', '33d2d3de-8cf3-45ee-8679-47cd2b1b9c93', '2 dashes', 'dash', 2, 'dash');
INSERT OR IGNORE INTO cocktail_ingredients (cocktail_id, ingredient_id, quantity, unit, quantity_num, unit_norm) VALUES ('11123', '1612951a-2184-4b96-b201-e5566b7cd056', '1.5 oz', 'oz', 1.5, 'oz');
INSERT OR IGNORE INTO cocktail_ingredients (cocktail_id, ingredient_id, quantity, unit, quantity_num, unit_norm) VALUES ('11123', '8549b47e-d8f7-45e1-8971-a7a63d2697a5', '0.5 oz', 'oz', 0.5, 'oz');
INSERT OR IGNORE INTO cocktail_ingredients (cocktail_id, ingredient_id, quantity, unit, quantity_num, unit_norm) VALUES ('11123', 'a98e8f50-4b20-4231-9cb5-5073d0886fd3', '0.75 oz', 'oz', 0.75, 'oz');
INSERT OR IGNORE INTO cocktail_ingredients (cocktail_id, ingredient_id, quantity, unit, quantity_num, unit_norm) VALUES ('11123', 'b23f0cc8-15bb-49b5-8f06-923bbbf2ae0d', '0.5 oz', 'oz', 0.5, 'oz');
INSERT OR IGNORE INTO cocktail_ingredients (cocktail_id, ingredient_id, quantity, unit, quantity_num, unit_norm) VALUES ('11123', '6f6a25ee-cb6c-4e6c-9eff-bda09dd61a48', '1', NULL, NULL, NULL);
INSERT OR IGNORE INTO cocktail_ingredients (cocktail_id, ingredient_id, quantity, unit, quantity_num, unit_norm) VALUES ('11124', '295ca3b8-4c36-4dfc-a6b8-33783a38ae4d', '1.5 oz', 'oz', 1.5, 'oz');
INSERT OR IGNORE INTO cocktail_ingredients (cocktail_id, ingredient_id, quantity, unit, quantity_num, unit_norm) VALUES ('11124', '41be3597-388e-4032-9f43-a447db82617a', '1.5 oz', 'oz', 1.5, 'oz');
INSERT OR IGNORE INTO cocktail_ingredients (cocktail_id, ingredient_id, quantity, unit, quantity_num, unit_norm) VALUES ('11124', 'fe667164-f07e-4d92-a175-d9dcc19c73aa', '1 tsp', 'tsp', 1, 'tsp');
INSERT OR IGNORE INTO cocktail_ingredients (cocktail_id, ingredient_id, quantity, unit, quantity_num, unit_norm) VALUES ('11125', '295ca3b8-4c36-4dfc-a6b8-33783a38ae4d', '3 oz', 'oz', 3, 'oz');
INSERT OR IGNORE INTO cocktail_ingredients (cocktail_id, ingredient_id, quantity, unit, quantity_num, unit_norm) VALUES ('11126', '295ca3b8-4c36-4dfc-a6b8-33783a38ae4d', '1.5 oz', 'oz', 1.5, 'oz');
INSERT OR IGNORE INTO cocktail_ingredients (cocktail_id, ingredient_id, quantity, unit, quantity_num, unit_norm) VALUES ('11126', '0c551bd6-f608-4c5c-8605-24f387ce5ca7', '0.5 oz', 'oz', 0.5, 'oz');
INSERT OR IGNORE INTO cocktail_ingredients (cocktail_id, ingredient_id, quantity, unit, quantity_num, unit_norm) VALUES ('11126', '807564f3-f42b-4d11-ad2e-b11d2725d208', '0.5 oz', 'oz', 0.5, 'oz');
INSERT OR IGNORE INTO cocktail_ingredients (cocktail_id, ingredient_id, quantity, unit, quantity_num, unit_norm) VALUES ('11126', '874b88ae-a253-4d0c-9de9-37667c3b1fb2', '0.75 oz', 'oz', 0.75, 'oz');
INSERT OR IGNORE INTO cocktail_ingredients (cocktail_id, ingredient_id, quantity, unit, quantity_num, unit_norm) VALUES ('11126', '6f6a25ee-cb6c-4e6c-9eff-bda09dd61a48', '1', NULL, NULL, NULL);
INSERT OR IGNORE INTO cocktail_ingredients (cocktail_id, ingredient_id, quantity, unit, quantity_num, unit_norm) VALUES ('11127', 'a7ca4cdf-c035-4c71-941a-10c7f5ec2659', '1 oz', 'oz', 1, 'oz');
INSERT OR IGNORE INTO cocktail_ingredients (cocktail_id, ingredient_id, quantity, unit, quantity_num, unit_norm) VALUES ('11127', 'ac9ecc43-8710-44ee-b228-82e316787655', '1 oz', 'oz', 1, 'oz');
INSERT OR IGNORE INTO cocktail_ingredients (cocktail_id, ingredient_id, quantity, unit, quantity_num, unit_norm) VALUES ('11127', '2905bfd3-b840-44e2-9188-fa2f3a974b01', '1 oz', 'oz', 1, 'oz');
INSERT OR IGNORE INTO cocktail_ingredients (cocktail_id, ingredient_id, quantity, unit, quantity_num, unit_norm) VALUES ('11128', '37ad93d8-cf7d-470f-901d-93cf911d1b8d', '2 oz', 'oz', 2, 'oz');
INSERT OR IGNORE INTO cocktail_ingredients (cocktail_id, ingredient_id, quantity, unit, quantity_num, unit_norm) VALUES ('11128', 'e4727374-75fe-4be4-bcd2-c8063917ce29', '0.75 oz', 'oz', 0.75, 'oz');
INSERT OR IGNORE INTO cocktail_ingredients (cocktail_id, ingredient_id, quantity, unit, quantity_num, unit_norm) VALUES ('11129', '37ad93d8-cf7d-470f-901d-93cf911d1b8d', '1 oz', 'oz', 1, 'oz');
INSERT OR IGNORE INTO cocktail_ingredients (cocktail_id, ingredient_id, quantity, unit, quantity_num, unit_norm) VALUES ('11129', '69cd06a3-f73a-4bfe-99e2-8c72871d551d', '1 oz', 'oz', 1, 'oz');
INSERT OR IGNORE INTO cocktail_ingredients (cocktail_id, ingredient_id, quantity, unit, quantity_num, unit_norm) VALUES ('11129', 'b55a5a4f-7624-4352-b773-63232f021a41', '1 oz', 'oz', 1, 'oz');
INSERT OR IGNORE INTO cocktail_ingredients (cocktail_id, ingredient_id, quantity, unit, quantity_num, unit_norm) VALUES ('11129', '874b88ae-a253-4d0c-9de9-37667c3b1fb2', '0.5 oz', 'oz', 0.5, 'oz');
INSERT OR IGNORE INTO cocktail_ingredients (cocktail_id, ingredient_id, quantity, unit, quantity_num, unit_norm) VALUES ('11130', '295ca3b8-4c36-4dfc-a6b8-33783a38ae4d', '1.5 oz', 'oz', 1.5, 'oz');
INSERT OR IGNORE INTO cocktail_ingredients (cocktail_id, ingredient_id, quantity, unit, quantity_num, unit_norm) VALUES ('11130', '512f6284-d2a3-4f5c-9c42-290aac15ec85', '1.5 oz', 'oz', 1.5, 'oz');
INSERT OR IGNORE INTO cocktail_ingredients (cocktail_id, ingredient_id, quantity, unit, quantity_num, unit_norm) VALUES ('11130', '35d2a0e1-d8bd-42c4-bb09-c21774eca752', '0.25 oz', 'oz', 0.25, 'oz');
INSERT OR IGNORE INTO cocktail_ingredients (cocktail_id, ingredient_id, quantity, unit, quantity_num, unit_norm) VALUES ('11130', '3552968a-272e-4bb0-b468-dc573b327382', '2 dashes', 'dash', 2, 'dash');
INSERT OR IGNORE INTO cocktail_ingredients (cocktail_id, ingredient_id, quantity, unit, quantity_num, unit_norm) VALUES ('11130', '33d2d3de-8cf3-45ee-8679-47cd2b1b9c93', '2 dashes', 'dash', 2, 'dash');

-- cocktail_tags
INSERT OR IGNORE INTO cocktail_tags (cocktail_id, tag_id) VALUES ('11007', 'b1bb6f40-852a-4f9d-aa9d-a38e73140de3');
INSERT OR IGNORE INTO cocktail_tags (cocktail_id, tag_id) VALUES ('11007', 'e74f1f5c-9793-48bf-b192-7f74c85e5ebc');
INSERT OR IGNORE INTO cocktail_tags (cocktail_id, tag_id) VALUES ('11007', '8a3a6ff0-c016-4cf7-acd5-6c2e585c9d14');
INSERT OR IGNORE INTO cocktail_tags (cocktail_id, tag_id) VALUES ('11008', 'b1bb6f40-852a-4f9d-aa9d-a38e73140de3');
INSERT OR IGNORE INTO cocktail_tags (cocktail_id, tag_id) VALUES ('11008', 'e74f1f5c-9793-48bf-b192-7f74c85e5ebc');
INSERT OR IGNORE INTO cocktail_tags (cocktail_id, tag_id) VALUES ('11008', '0a2419bc-18a6-42d8-bb6e-f297aeb0dbc5');
INSERT OR IGNORE INTO cocktail_tags (cocktail_id, tag_id) VALUES ('11009', 'b1bb6f40-852a-4f9d-aa9d-a38e73140de3');
INSERT OR IGNORE INTO cocktail_tags (cocktail_id, tag_id) VALUES ('11009', 'e74f1f5c-9793-48bf-b192-7f74c85e5ebc');
INSERT OR IGNORE INTO cocktail_tags (cocktail_id, tag_id) VALUES ('11009', '4fe92faf-494d-4c1e-a871-43c5dc4d7d0a');
INSERT OR IGNORE INTO cocktail_tags (cocktail_id, tag_id) VALUES ('11010', 'ed571257-1e10-470b-86c0-e62a940a2407');
INSERT OR IGNORE INTO cocktail_tags (cocktail_id, tag_id) VALUES ('11010', 'e74f1f5c-9793-48bf-b192-7f74c85e5ebc');
INSERT OR IGNORE INTO cocktail_tags (cocktail_id, tag_id) VALUES ('11010', '06d5764c-319d-4891-8c9c-fc479b84541f');
INSERT OR IGNORE INTO cocktail_tags (cocktail_id, tag_id) VALUES ('11004', 'b1bb6f40-852a-4f9d-aa9d-a38e73140de3');
INSERT OR IGNORE INTO cocktail_tags (cocktail_id, tag_id) VALUES ('11004', 'e74f1f5c-9793-48bf-b192-7f74c85e5ebc');
INSERT OR IGNORE INTO cocktail_tags (cocktail_id, tag_id) VALUES ('11004', 'f36570b6-ef99-4b4e-a85d-ade68c25f808');
INSERT OR IGNORE INTO cocktail_tags (cocktail_id, tag_id) VALUES ('11005', 'b1bb6f40-852a-4f9d-aa9d-a38e73140de3');
INSERT OR IGNORE INTO cocktail_tags (cocktail_id, tag_id) VALUES ('11005', '4fe92faf-494d-4c1e-a871-43c5dc4d7d0a');
INSERT OR IGNORE INTO cocktail_tags (cocktail_id, tag_id) VALUES ('11005', '8a3a6ff0-c016-4cf7-acd5-6c2e585c9d14');
INSERT OR IGNORE INTO cocktail_tags (cocktail_id, tag_id) VALUES ('11006', '0e6494da-e5cb-49b7-9cd5-4592e306ae12');
INSERT OR IGNORE INTO cocktail_tags (cocktail_id, tag_id) VALUES ('11006', '10f5c4dd-9169-420d-84c2-c270ac7015e5');
INSERT OR IGNORE INTO cocktail_tags (cocktail_id, tag_id) VALUES ('11006', 'b6754703-ace0-4747-a2c9-10bf981717de');
INSERT OR IGNORE INTO cocktail_tags (cocktail_id, tag_id) VALUES ('11001', 'b1bb6f40-852a-4f9d-aa9d-a38e73140de3');
INSERT OR IGNORE INTO cocktail_tags (cocktail_id, tag_id) VALUES ('11001', 'e8114d43-07bf-4062-b9c9-1607b45536c0');
INSERT OR IGNORE INTO cocktail_tags (cocktail_id, tag_id) VALUES ('11001', 'bebd0060-9605-4438-ab72-a01a43291fd0');
INSERT OR IGNORE INTO cocktail_tags (cocktail_id, tag_id) VALUES ('11002', 'b1bb6f40-852a-4f9d-aa9d-a38e73140de3');
INSERT OR IGNORE INTO cocktail_tags (cocktail_id, tag_id) VALUES ('11002', 'e8114d43-07bf-4062-b9c9-1607b45536c0');
INSERT OR IGNORE INTO cocktail_tags (cocktail_id, tag_id) VALUES ('11002', 'bebd0060-9605-4438-ab72-a01a43291fd0');
INSERT OR IGNORE INTO cocktail_tags (cocktail_id, tag_id) VALUES ('11003', 'b1bb6f40-852a-4f9d-aa9d-a38e73140de3');
INSERT OR IGNORE INTO cocktail_tags (cocktail_id, tag_id) VALUES ('11003', 'e74f1f5c-9793-48bf-b192-7f74c85e5ebc');
INSERT OR IGNORE INTO cocktail_tags (cocktail_id, tag_id) VALUES ('11003', 'da922240-ca25-4c67-8dde-529d7679cedb');
INSERT OR IGNORE INTO cocktail_tags (cocktail_id, tag_id) VALUES ('11014', 'b1bb6f40-852a-4f9d-aa9d-a38e73140de3');
INSERT OR IGNORE INTO cocktail_tags (cocktail_id, tag_id) VALUES ('11014', 'e8114d43-07bf-4062-b9c9-1607b45536c0');
INSERT OR IGNORE INTO cocktail_tags (cocktail_id, tag_id) VALUES ('11014', 'c73a146c-7f22-4294-b3ba-973b6a12081c');
INSERT OR IGNORE INTO cocktail_tags (cocktail_id, tag_id) VALUES ('11015', 'b1bb6f40-852a-4f9d-aa9d-a38e73140de3');
INSERT OR IGNORE INTO cocktail_tags (cocktail_id, tag_id) VALUES ('11015', '4fe92faf-494d-4c1e-a871-43c5dc4d7d0a');
INSERT OR IGNORE INTO cocktail_tags (cocktail_id, tag_id) VALUES ('11015', '34e7c5ba-7fb6-4936-ba08-547aff3b8726');
INSERT OR IGNORE INTO cocktail_tags (cocktail_id, tag_id) VALUES ('11020', 'b1bb6f40-852a-4f9d-aa9d-a38e73140de3');
INSERT OR IGNORE INTO cocktail_tags (cocktail_id, tag_id) VALUES ('11020', '3b44f5d4-3d87-4405-8e11-79957bdd0c1d');
INSERT OR IGNORE INTO cocktail_tags (cocktail_id, tag_id) VALUES ('11020', 'f45825df-0993-4361-a59f-8b4b8b779339');
INSERT OR IGNORE INTO cocktail_tags (cocktail_id, tag_id) VALUES ('11021', 'b1bb6f40-852a-4f9d-aa9d-a38e73140de3');
INSERT OR IGNORE INTO cocktail_tags (cocktail_id, tag_id) VALUES ('11021', 'e8114d43-07bf-4062-b9c9-1607b45536c0');
INSERT OR IGNORE INTO cocktail_tags (cocktail_id, tag_id) VALUES ('11021', 'bebd0060-9605-4438-ab72-a01a43291fd0');
INSERT OR IGNORE INTO cocktail_tags (cocktail_id, tag_id) VALUES ('11022', 'b1bb6f40-852a-4f9d-aa9d-a38e73140de3');
INSERT OR IGNORE INTO cocktail_tags (cocktail_id, tag_id) VALUES ('11022', 'e74f1f5c-9793-48bf-b192-7f74c85e5ebc');
INSERT OR IGNORE INTO cocktail_tags (cocktail_id, tag_id) VALUES ('11022', 'f36570b6-ef99-4b4e-a85d-ade68c25f808');
INSERT OR IGNORE INTO cocktail_tags (cocktail_id, tag_id) VALUES ('11023', 'b1bb6f40-852a-4f9d-aa9d-a38e73140de3');
INSERT OR IGNORE INTO cocktail_tags (cocktail_id, tag_id) VALUES ('11023', '4fe92faf-494d-4c1e-a871-43c5dc4d7d0a');
INSERT OR IGNORE INTO cocktail_tags (cocktail_id, tag_id) VALUES ('11023', '2e2ed19b-b781-41ab-8f29-37f7a8b2cfa2');
INSERT OR IGNORE INTO cocktail_tags (cocktail_id, tag_id) VALUES ('11024', 'b1bb6f40-852a-4f9d-aa9d-a38e73140de3');
INSERT OR IGNORE INTO cocktail_tags (cocktail_id, tag_id) VALUES ('11024', '12aec00d-e763-491d-bdb1-41dcc93cf22b');
INSERT OR IGNORE INTO cocktail_tags (cocktail_id, tag_id) VALUES ('11024', '374e8fbb-62e2-42ab-a8e1-dabe25baf933');
INSERT OR IGNORE INTO cocktail_tags (cocktail_id, tag_id) VALUES ('11030', '06d5764c-319d-4891-8c9c-fc479b84541f');
INSERT OR IGNORE INTO cocktail_tags (cocktail_id, tag_id) VALUES ('11030', '59157edf-49d5-42bb-98bc-d466bee1ae4d');
INSERT OR IGNORE INTO cocktail_tags (cocktail_id, tag_id) VALUES ('11030', '700ff9c0-4a01-470d-b8d2-4e1c8b1bce5d');
INSERT OR IGNORE INTO cocktail_tags (cocktail_id, tag_id) VALUES ('11031', 'b1bb6f40-852a-4f9d-aa9d-a38e73140de3');
INSERT OR IGNORE INTO cocktail_tags (cocktail_id, tag_id) VALUES ('11031', 'e90731cb-39b0-4d78-abf4-68a1388da9dd');
INSERT OR IGNORE INTO cocktail_tags (cocktail_id, tag_id) VALUES ('11031', 'e74f1f5c-9793-48bf-b192-7f74c85e5ebc');
INSERT OR IGNORE INTO cocktail_tags (cocktail_id, tag_id) VALUES ('11032', 'b1bb6f40-852a-4f9d-aa9d-a38e73140de3');
INSERT OR IGNORE INTO cocktail_tags (cocktail_id, tag_id) VALUES ('11032', '4fe92faf-494d-4c1e-a871-43c5dc4d7d0a');
INSERT OR IGNORE INTO cocktail_tags (cocktail_id, tag_id) VALUES ('11032', 'def30c40-0f00-4372-8dd4-7e212e6975f4');
INSERT OR IGNORE INTO cocktail_tags (cocktail_id, tag_id) VALUES ('11033', 'a501c2e6-80ef-41df-81e9-d68d4625c5a8');
INSERT OR IGNORE INTO cocktail_tags (cocktail_id, tag_id) VALUES ('11033', '8b3aef92-f1bc-4b95-b74c-5b1819f88bb3');
INSERT OR IGNORE INTO cocktail_tags (cocktail_id, tag_id) VALUES ('11033', 'b1bb6f40-852a-4f9d-aa9d-a38e73140de3');
INSERT OR IGNORE INTO cocktail_tags (cocktail_id, tag_id) VALUES ('11040', '6ee25722-aa01-44d4-b50d-c09422ac34ff');
INSERT OR IGNORE INTO cocktail_tags (cocktail_id, tag_id) VALUES ('11040', '3b44f5d4-3d87-4405-8e11-79957bdd0c1d');
INSERT OR IGNORE INTO cocktail_tags (cocktail_id, tag_id) VALUES ('11040', 'f45825df-0993-4361-a59f-8b4b8b779339');
INSERT OR IGNORE INTO cocktail_tags (cocktail_id, tag_id) VALUES ('11041', '6ee25722-aa01-44d4-b50d-c09422ac34ff');
INSERT OR IGNORE INTO cocktail_tags (cocktail_id, tag_id) VALUES ('11041', 'e8114d43-07bf-4062-b9c9-1607b45536c0');
INSERT OR IGNORE INTO cocktail_tags (cocktail_id, tag_id) VALUES ('11041', '06d5764c-319d-4891-8c9c-fc479b84541f');
INSERT OR IGNORE INTO cocktail_tags (cocktail_id, tag_id) VALUES ('11050', 'b1bb6f40-852a-4f9d-aa9d-a38e73140de3');
INSERT OR IGNORE INTO cocktail_tags (cocktail_id, tag_id) VALUES ('11050', '81383276-57b0-4034-ba75-8c59675c9d11');
INSERT OR IGNORE INTO cocktail_tags (cocktail_id, tag_id) VALUES ('11050', 'f45825df-0993-4361-a59f-8b4b8b779339');
INSERT OR IGNORE INTO cocktail_tags (cocktail_id, tag_id) VALUES ('11050', '12aec00d-e763-491d-bdb1-41dcc93cf22b');
INSERT OR IGNORE INTO cocktail_tags (cocktail_id, tag_id) VALUES ('11051', 'b1bb6f40-852a-4f9d-aa9d-a38e73140de3');
INSERT OR IGNORE INTO cocktail_tags (cocktail_id, tag_id) VALUES ('11051', '81383276-57b0-4034-ba75-8c59675c9d11');
INSERT OR IGNORE INTO cocktail_tags (cocktail_id, tag_id) VALUES ('11051', 'f45825df-0993-4361-a59f-8b4b8b779339');
INSERT OR IGNORE INTO cocktail_tags (cocktail_id, tag_id) VALUES ('11060', 'b1bb6f40-852a-4f9d-aa9d-a38e73140de3');
INSERT OR IGNORE INTO cocktail_tags (cocktail_id, tag_id) VALUES ('11060', 'e74f1f5c-9793-48bf-b192-7f74c85e5ebc');
INSERT OR IGNORE INTO cocktail_tags (cocktail_id, tag_id) VALUES ('11060', 'e3c34940-df29-4214-b288-68b113d733fb');
INSERT OR IGNORE INTO cocktail_tags (cocktail_id, tag_id) VALUES ('11070', 'a501c2e6-80ef-41df-81e9-d68d4625c5a8');
INSERT OR IGNORE INTO cocktail_tags (cocktail_id, tag_id) VALUES ('11070', 'b6754703-ace0-4747-a2c9-10bf981717de');
INSERT OR IGNORE INTO cocktail_tags (cocktail_id, tag_id) VALUES ('11070', '12aec00d-e763-491d-bdb1-41dcc93cf22b');
INSERT OR IGNORE INTO cocktail_tags (cocktail_id, tag_id) VALUES ('11070', '81383276-57b0-4034-ba75-8c59675c9d11');
INSERT OR IGNORE INTO cocktail_tags (cocktail_id, tag_id) VALUES ('11071', 'a501c2e6-80ef-41df-81e9-d68d4625c5a8');
INSERT OR IGNORE INTO cocktail_tags (cocktail_id, tag_id) VALUES ('11071', 'b1bb6f40-852a-4f9d-aa9d-a38e73140de3');
INSERT OR IGNORE INTO cocktail_tags (cocktail_id, tag_id) VALUES ('11071', '81383276-57b0-4034-ba75-8c59675c9d11');
INSERT OR IGNORE INTO cocktail_tags (cocktail_id, tag_id) VALUES ('11080', '06d5764c-319d-4891-8c9c-fc479b84541f');
INSERT OR IGNORE INTO cocktail_tags (cocktail_id, tag_id) VALUES ('11080', '6ee25722-aa01-44d4-b50d-c09422ac34ff');
INSERT OR IGNORE INTO cocktail_tags (cocktail_id, tag_id) VALUES ('11080', 'e74f1f5c-9793-48bf-b192-7f74c85e5ebc');
INSERT OR IGNORE INTO cocktail_tags (cocktail_id, tag_id) VALUES ('11081', '06d5764c-319d-4891-8c9c-fc479b84541f');
INSERT OR IGNORE INTO cocktail_tags (cocktail_id, tag_id) VALUES ('11081', 'e90731cb-39b0-4d78-abf4-68a1388da9dd');
INSERT OR IGNORE INTO cocktail_tags (cocktail_id, tag_id) VALUES ('11081', 'fa96d883-d2a7-4d72-b83e-37b9c3cb80dc');
INSERT OR IGNORE INTO cocktail_tags (cocktail_id, tag_id) VALUES ('11082', 'b1bb6f40-852a-4f9d-aa9d-a38e73140de3');
INSERT OR IGNORE INTO cocktail_tags (cocktail_id, tag_id) VALUES ('11082', 'e74f1f5c-9793-48bf-b192-7f74c85e5ebc');
INSERT OR IGNORE INTO cocktail_tags (cocktail_id, tag_id) VALUES ('11082', '4c5d0cdd-9237-4b9e-add4-7d7975de3f70');
INSERT OR IGNORE INTO cocktail_tags (cocktail_id, tag_id) VALUES ('11083', 'b1bb6f40-852a-4f9d-aa9d-a38e73140de3');
INSERT OR IGNORE INTO cocktail_tags (cocktail_id, tag_id) VALUES ('11083', '3bbe1ef5-fc7b-47da-b996-6ba048ed14a4');
INSERT OR IGNORE INTO cocktail_tags (cocktail_id, tag_id) VALUES ('11083', 'f9c240bf-7ee9-4ca7-84d6-c9299a5a5b95');
INSERT OR IGNORE INTO cocktail_tags (cocktail_id, tag_id) VALUES ('11084', '06d5764c-319d-4891-8c9c-fc479b84541f');
INSERT OR IGNORE INTO cocktail_tags (cocktail_id, tag_id) VALUES ('11084', '3bbe1ef5-fc7b-47da-b996-6ba048ed14a4');
INSERT OR IGNORE INTO cocktail_tags (cocktail_id, tag_id) VALUES ('11084', 'e74f1f5c-9793-48bf-b192-7f74c85e5ebc');
INSERT OR IGNORE INTO cocktail_tags (cocktail_id, tag_id) VALUES ('11085', '06d5764c-319d-4891-8c9c-fc479b84541f');
INSERT OR IGNORE INTO cocktail_tags (cocktail_id, tag_id) VALUES ('11085', 'e74f1f5c-9793-48bf-b192-7f74c85e5ebc');
INSERT OR IGNORE INTO cocktail_tags (cocktail_id, tag_id) VALUES ('11085', '6cfc71ea-da10-46e5-8501-b5fab8965446');
INSERT OR IGNORE INTO cocktail_tags (cocktail_id, tag_id) VALUES ('11086', 'b1bb6f40-852a-4f9d-aa9d-a38e73140de3');
INSERT OR IGNORE INTO cocktail_tags (cocktail_id, tag_id) VALUES ('11086', '52d45aa5-47a1-49c1-8757-7f759c72faac');
INSERT OR IGNORE INTO cocktail_tags (cocktail_id, tag_id) VALUES ('11086', 'e74f1f5c-9793-48bf-b192-7f74c85e5ebc');
INSERT OR IGNORE INTO cocktail_tags (cocktail_id, tag_id) VALUES ('11087', 'b1bb6f40-852a-4f9d-aa9d-a38e73140de3');
INSERT OR IGNORE INTO cocktail_tags (cocktail_id, tag_id) VALUES ('11087', 'e8114d43-07bf-4062-b9c9-1607b45536c0');
INSERT OR IGNORE INTO cocktail_tags (cocktail_id, tag_id) VALUES ('11087', 'bebd0060-9605-4438-ab72-a01a43291fd0');
INSERT OR IGNORE INTO cocktail_tags (cocktail_id, tag_id) VALUES ('11088', 'b1bb6f40-852a-4f9d-aa9d-a38e73140de3');
INSERT OR IGNORE INTO cocktail_tags (cocktail_id, tag_id) VALUES ('11088', 'e90731cb-39b0-4d78-abf4-68a1388da9dd');
INSERT OR IGNORE INTO cocktail_tags (cocktail_id, tag_id) VALUES ('11088', '4c5d0cdd-9237-4b9e-add4-7d7975de3f70');
INSERT OR IGNORE INTO cocktail_tags (cocktail_id, tag_id) VALUES ('11089', 'b1bb6f40-852a-4f9d-aa9d-a38e73140de3');
INSERT OR IGNORE INTO cocktail_tags (cocktail_id, tag_id) VALUES ('11089', 'e74f1f5c-9793-48bf-b192-7f74c85e5ebc');
INSERT OR IGNORE INTO cocktail_tags (cocktail_id, tag_id) VALUES ('11089', '4c5d0cdd-9237-4b9e-add4-7d7975de3f70');
INSERT OR IGNORE INTO cocktail_tags (cocktail_id, tag_id) VALUES ('11090', 'b1bb6f40-852a-4f9d-aa9d-a38e73140de3');
INSERT OR IGNORE INTO cocktail_tags (cocktail_id, tag_id) VALUES ('11090', '0e6494da-e5cb-49b7-9cd5-4592e306ae12');
INSERT OR IGNORE INTO cocktail_tags (cocktail_id, tag_id) VALUES ('11090', '2e2ed19b-b781-41ab-8f29-37f7a8b2cfa2');
INSERT OR IGNORE INTO cocktail_tags (cocktail_id, tag_id) VALUES ('11091', 'b1bb6f40-852a-4f9d-aa9d-a38e73140de3');
INSERT OR IGNORE INTO cocktail_tags (cocktail_id, tag_id) VALUES ('11091', 'def30c40-0f00-4372-8dd4-7e212e6975f4');
INSERT OR IGNORE INTO cocktail_tags (cocktail_id, tag_id) VALUES ('11091', '0e6494da-e5cb-49b7-9cd5-4592e306ae12');
INSERT OR IGNORE INTO cocktail_tags (cocktail_id, tag_id) VALUES ('11092', '0e6494da-e5cb-49b7-9cd5-4592e306ae12');
INSERT OR IGNORE INTO cocktail_tags (cocktail_id, tag_id) VALUES ('11092', 'e90731cb-39b0-4d78-abf4-68a1388da9dd');
INSERT OR IGNORE INTO cocktail_tags (cocktail_id, tag_id) VALUES ('11092', 'c73a146c-7f22-4294-b3ba-973b6a12081c');
INSERT OR IGNORE INTO cocktail_tags (cocktail_id, tag_id) VALUES ('11093', '7a345f3b-f56e-435f-954a-ca5c4328a0e0');
INSERT OR IGNORE INTO cocktail_tags (cocktail_id, tag_id) VALUES ('11093', '0e6494da-e5cb-49b7-9cd5-4592e306ae12');
INSERT OR IGNORE INTO cocktail_tags (cocktail_id, tag_id) VALUES ('11093', 'b1bb6f40-852a-4f9d-aa9d-a38e73140de3');
INSERT OR IGNORE INTO cocktail_tags (cocktail_id, tag_id) VALUES ('11094', '7a345f3b-f56e-435f-954a-ca5c4328a0e0');
INSERT OR IGNORE INTO cocktail_tags (cocktail_id, tag_id) VALUES ('11094', '3b44f5d4-3d87-4405-8e11-79957bdd0c1d');
INSERT OR IGNORE INTO cocktail_tags (cocktail_id, tag_id) VALUES ('11094', '0e6494da-e5cb-49b7-9cd5-4592e306ae12');
INSERT OR IGNORE INTO cocktail_tags (cocktail_id, tag_id) VALUES ('11095', 'b1bb6f40-852a-4f9d-aa9d-a38e73140de3');
INSERT OR IGNORE INTO cocktail_tags (cocktail_id, tag_id) VALUES ('11095', 'e74f1f5c-9793-48bf-b192-7f74c85e5ebc');
INSERT OR IGNORE INTO cocktail_tags (cocktail_id, tag_id) VALUES ('11095', '34ccfdc7-40d7-420c-86e2-b361eb461d66');
INSERT OR IGNORE INTO cocktail_tags (cocktail_id, tag_id) VALUES ('11096', 'b1bb6f40-852a-4f9d-aa9d-a38e73140de3');
INSERT OR IGNORE INTO cocktail_tags (cocktail_id, tag_id) VALUES ('11096', 'e74f1f5c-9793-48bf-b192-7f74c85e5ebc');
INSERT OR IGNORE INTO cocktail_tags (cocktail_id, tag_id) VALUES ('11096', '91f77508-1b6c-4817-98b0-29fa719e3961');
INSERT OR IGNORE INTO cocktail_tags (cocktail_id, tag_id) VALUES ('11097', 'b1bb6f40-852a-4f9d-aa9d-a38e73140de3');
INSERT OR IGNORE INTO cocktail_tags (cocktail_id, tag_id) VALUES ('11097', 'e8114d43-07bf-4062-b9c9-1607b45536c0');
INSERT OR IGNORE INTO cocktail_tags (cocktail_id, tag_id) VALUES ('11097', '1fe516ce-0dbd-4c3f-a5d8-68ded8a74fa2');
INSERT OR IGNORE INTO cocktail_tags (cocktail_id, tag_id) VALUES ('11098', 'b1bb6f40-852a-4f9d-aa9d-a38e73140de3');
INSERT OR IGNORE INTO cocktail_tags (cocktail_id, tag_id) VALUES ('11098', 'e8114d43-07bf-4062-b9c9-1607b45536c0');
INSERT OR IGNORE INTO cocktail_tags (cocktail_id, tag_id) VALUES ('11098', '1fe516ce-0dbd-4c3f-a5d8-68ded8a74fa2');
INSERT OR IGNORE INTO cocktail_tags (cocktail_id, tag_id) VALUES ('11099', 'b1bb6f40-852a-4f9d-aa9d-a38e73140de3');
INSERT OR IGNORE INTO cocktail_tags (cocktail_id, tag_id) VALUES ('11099', 'e8114d43-07bf-4062-b9c9-1607b45536c0');
INSERT OR IGNORE INTO cocktail_tags (cocktail_id, tag_id) VALUES ('11099', '3b44f5d4-3d87-4405-8e11-79957bdd0c1d');
INSERT OR IGNORE INTO cocktail_tags (cocktail_id, tag_id) VALUES ('11100', '06d5764c-319d-4891-8c9c-fc479b84541f');
INSERT OR IGNORE INTO cocktail_tags (cocktail_id, tag_id) VALUES ('11100', 'e8114d43-07bf-4062-b9c9-1607b45536c0');
INSERT OR IGNORE INTO cocktail_tags (cocktail_id, tag_id) VALUES ('11100', '9af58282-2d19-4979-8c95-fb1ce33adf3a');
INSERT OR IGNORE INTO cocktail_tags (cocktail_id, tag_id) VALUES ('11101', '06d5764c-319d-4891-8c9c-fc479b84541f');
INSERT OR IGNORE INTO cocktail_tags (cocktail_id, tag_id) VALUES ('11101', 'e8114d43-07bf-4062-b9c9-1607b45536c0');
INSERT OR IGNORE INTO cocktail_tags (cocktail_id, tag_id) VALUES ('11101', '9af58282-2d19-4979-8c95-fb1ce33adf3a');
INSERT OR IGNORE INTO cocktail_tags (cocktail_id, tag_id) VALUES ('11102', 'b1bb6f40-852a-4f9d-aa9d-a38e73140de3');
INSERT OR IGNORE INTO cocktail_tags (cocktail_id, tag_id) VALUES ('11102', '35896385-83a7-4723-a7bb-dd3721f2b99a');
INSERT OR IGNORE INTO cocktail_tags (cocktail_id, tag_id) VALUES ('11102', '59157edf-49d5-42bb-98bc-d466bee1ae4d');
INSERT OR IGNORE INTO cocktail_tags (cocktail_id, tag_id) VALUES ('11103', 'b1bb6f40-852a-4f9d-aa9d-a38e73140de3');
INSERT OR IGNORE INTO cocktail_tags (cocktail_id, tag_id) VALUES ('11103', 'e90731cb-39b0-4d78-abf4-68a1388da9dd');
INSERT OR IGNORE INTO cocktail_tags (cocktail_id, tag_id) VALUES ('11103', 'b6754703-ace0-4747-a2c9-10bf981717de');
INSERT OR IGNORE INTO cocktail_tags (cocktail_id, tag_id) VALUES ('11104', 'b1bb6f40-852a-4f9d-aa9d-a38e73140de3');
INSERT OR IGNORE INTO cocktail_tags (cocktail_id, tag_id) VALUES ('11104', 'e90731cb-39b0-4d78-abf4-68a1388da9dd');
INSERT OR IGNORE INTO cocktail_tags (cocktail_id, tag_id) VALUES ('11104', 'e17246db-04a7-491b-b10c-8e96829485ed');
INSERT OR IGNORE INTO cocktail_tags (cocktail_id, tag_id) VALUES ('11105', 'b1bb6f40-852a-4f9d-aa9d-a38e73140de3');
INSERT OR IGNORE INTO cocktail_tags (cocktail_id, tag_id) VALUES ('11105', '59157edf-49d5-42bb-98bc-d466bee1ae4d');
INSERT OR IGNORE INTO cocktail_tags (cocktail_id, tag_id) VALUES ('11105', 'e2b58985-87fd-4e97-835d-125842e366bb');
INSERT OR IGNORE INTO cocktail_tags (cocktail_id, tag_id) VALUES ('11106', 'b1bb6f40-852a-4f9d-aa9d-a38e73140de3');
INSERT OR IGNORE INTO cocktail_tags (cocktail_id, tag_id) VALUES ('11106', '59157edf-49d5-42bb-98bc-d466bee1ae4d');
INSERT OR IGNORE INTO cocktail_tags (cocktail_id, tag_id) VALUES ('11106', 'f36570b6-ef99-4b4e-a85d-ade68c25f808');
INSERT OR IGNORE INTO cocktail_tags (cocktail_id, tag_id) VALUES ('11107', '06d5764c-319d-4891-8c9c-fc479b84541f');
INSERT OR IGNORE INTO cocktail_tags (cocktail_id, tag_id) VALUES ('11107', 'e90731cb-39b0-4d78-abf4-68a1388da9dd');
INSERT OR IGNORE INTO cocktail_tags (cocktail_id, tag_id) VALUES ('11107', '0e6494da-e5cb-49b7-9cd5-4592e306ae12');
INSERT OR IGNORE INTO cocktail_tags (cocktail_id, tag_id) VALUES ('11108', 'b1bb6f40-852a-4f9d-aa9d-a38e73140de3');
INSERT OR IGNORE INTO cocktail_tags (cocktail_id, tag_id) VALUES ('11108', 'e90731cb-39b0-4d78-abf4-68a1388da9dd');
INSERT OR IGNORE INTO cocktail_tags (cocktail_id, tag_id) VALUES ('11108', '9589e7c4-1132-4930-9c17-b7cd949be6c2');
INSERT OR IGNORE INTO cocktail_tags (cocktail_id, tag_id) VALUES ('11109', 'b1bb6f40-852a-4f9d-aa9d-a38e73140de3');
INSERT OR IGNORE INTO cocktail_tags (cocktail_id, tag_id) VALUES ('11109', 'e90731cb-39b0-4d78-abf4-68a1388da9dd');
INSERT OR IGNORE INTO cocktail_tags (cocktail_id, tag_id) VALUES ('11109', 'def30c40-0f00-4372-8dd4-7e212e6975f4');
INSERT OR IGNORE INTO cocktail_tags (cocktail_id, tag_id) VALUES ('11110', '06d5764c-319d-4891-8c9c-fc479b84541f');
INSERT OR IGNORE INTO cocktail_tags (cocktail_id, tag_id) VALUES ('11110', '3bbe1ef5-fc7b-47da-b996-6ba048ed14a4');
INSERT OR IGNORE INTO cocktail_tags (cocktail_id, tag_id) VALUES ('11110', '6ee25722-aa01-44d4-b50d-c09422ac34ff');
INSERT OR IGNORE INTO cocktail_tags (cocktail_id, tag_id) VALUES ('11111', 'b1bb6f40-852a-4f9d-aa9d-a38e73140de3');
INSERT OR IGNORE INTO cocktail_tags (cocktail_id, tag_id) VALUES ('11111', 'e74f1f5c-9793-48bf-b192-7f74c85e5ebc');
INSERT OR IGNORE INTO cocktail_tags (cocktail_id, tag_id) VALUES ('11111', '00fa2c18-45ed-4fa3-8383-75aca7f8598a');
INSERT OR IGNORE INTO cocktail_tags (cocktail_id, tag_id) VALUES ('11112', '81383276-57b0-4034-ba75-8c59675c9d11');
INSERT OR IGNORE INTO cocktail_tags (cocktail_id, tag_id) VALUES ('11112', 'f45825df-0993-4361-a59f-8b4b8b779339');
INSERT OR IGNORE INTO cocktail_tags (cocktail_id, tag_id) VALUES ('11112', 'f36570b6-ef99-4b4e-a85d-ade68c25f808');
INSERT OR IGNORE INTO cocktail_tags (cocktail_id, tag_id) VALUES ('11113', 'b1bb6f40-852a-4f9d-aa9d-a38e73140de3');
INSERT OR IGNORE INTO cocktail_tags (cocktail_id, tag_id) VALUES ('11113', '12aec00d-e763-491d-bdb1-41dcc93cf22b');
INSERT OR IGNORE INTO cocktail_tags (cocktail_id, tag_id) VALUES ('11113', '374e8fbb-62e2-42ab-a8e1-dabe25baf933');
INSERT OR IGNORE INTO cocktail_tags (cocktail_id, tag_id) VALUES ('11113', '81383276-57b0-4034-ba75-8c59675c9d11');
INSERT OR IGNORE INTO cocktail_tags (cocktail_id, tag_id) VALUES ('11114', '06d5764c-319d-4891-8c9c-fc479b84541f');
INSERT OR IGNORE INTO cocktail_tags (cocktail_id, tag_id) VALUES ('11114', '52d45aa5-47a1-49c1-8757-7f759c72faac');
INSERT OR IGNORE INTO cocktail_tags (cocktail_id, tag_id) VALUES ('11114', '4fe92faf-494d-4c1e-a871-43c5dc4d7d0a');
INSERT OR IGNORE INTO cocktail_tags (cocktail_id, tag_id) VALUES ('11115', '81383276-57b0-4034-ba75-8c59675c9d11');
INSERT OR IGNORE INTO cocktail_tags (cocktail_id, tag_id) VALUES ('11115', '12aec00d-e763-491d-bdb1-41dcc93cf22b');
INSERT OR IGNORE INTO cocktail_tags (cocktail_id, tag_id) VALUES ('11115', '52d45aa5-47a1-49c1-8757-7f759c72faac');
INSERT OR IGNORE INTO cocktail_tags (cocktail_id, tag_id) VALUES ('11115', 'f45825df-0993-4361-a59f-8b4b8b779339');
INSERT OR IGNORE INTO cocktail_tags (cocktail_id, tag_id) VALUES ('11116', 'b1bb6f40-852a-4f9d-aa9d-a38e73140de3');
INSERT OR IGNORE INTO cocktail_tags (cocktail_id, tag_id) VALUES ('11116', 'e2b58985-87fd-4e97-835d-125842e366bb');
INSERT OR IGNORE INTO cocktail_tags (cocktail_id, tag_id) VALUES ('11116', '700ff9c0-4a01-470d-b8d2-4e1c8b1bce5d');
INSERT OR IGNORE INTO cocktail_tags (cocktail_id, tag_id) VALUES ('11117', 'b1bb6f40-852a-4f9d-aa9d-a38e73140de3');
INSERT OR IGNORE INTO cocktail_tags (cocktail_id, tag_id) VALUES ('11117', '3bbe1ef5-fc7b-47da-b996-6ba048ed14a4');
INSERT OR IGNORE INTO cocktail_tags (cocktail_id, tag_id) VALUES ('11117', 'a501c2e6-80ef-41df-81e9-d68d4625c5a8');
INSERT OR IGNORE INTO cocktail_tags (cocktail_id, tag_id) VALUES ('11118', 'b1bb6f40-852a-4f9d-aa9d-a38e73140de3');
INSERT OR IGNORE INTO cocktail_tags (cocktail_id, tag_id) VALUES ('11118', 'e8114d43-07bf-4062-b9c9-1607b45536c0');
INSERT OR IGNORE INTO cocktail_tags (cocktail_id, tag_id) VALUES ('11118', 'c73a146c-7f22-4294-b3ba-973b6a12081c');
INSERT OR IGNORE INTO cocktail_tags (cocktail_id, tag_id) VALUES ('11119', '06d5764c-319d-4891-8c9c-fc479b84541f');
INSERT OR IGNORE INTO cocktail_tags (cocktail_id, tag_id) VALUES ('11119', 'e74f1f5c-9793-48bf-b192-7f74c85e5ebc');
INSERT OR IGNORE INTO cocktail_tags (cocktail_id, tag_id) VALUES ('11119', '5eb1aa67-33c8-48a1-934c-f0300733e19f');
INSERT OR IGNORE INTO cocktail_tags (cocktail_id, tag_id) VALUES ('11120', '7a345f3b-f56e-435f-954a-ca5c4328a0e0');
INSERT OR IGNORE INTO cocktail_tags (cocktail_id, tag_id) VALUES ('11120', '3b44f5d4-3d87-4405-8e11-79957bdd0c1d');
INSERT OR IGNORE INTO cocktail_tags (cocktail_id, tag_id) VALUES ('11120', '0e6494da-e5cb-49b7-9cd5-4592e306ae12');
INSERT OR IGNORE INTO cocktail_tags (cocktail_id, tag_id) VALUES ('11121', '06d5764c-319d-4891-8c9c-fc479b84541f');
INSERT OR IGNORE INTO cocktail_tags (cocktail_id, tag_id) VALUES ('11121', 'e74f1f5c-9793-48bf-b192-7f74c85e5ebc');
INSERT OR IGNORE INTO cocktail_tags (cocktail_id, tag_id) VALUES ('11121', '9589e7c4-1132-4930-9c17-b7cd949be6c2');
INSERT OR IGNORE INTO cocktail_tags (cocktail_id, tag_id) VALUES ('11122', 'b1bb6f40-852a-4f9d-aa9d-a38e73140de3');
INSERT OR IGNORE INTO cocktail_tags (cocktail_id, tag_id) VALUES ('11122', 'e74f1f5c-9793-48bf-b192-7f74c85e5ebc');
INSERT OR IGNORE INTO cocktail_tags (cocktail_id, tag_id) VALUES ('11122', '4c5d0cdd-9237-4b9e-add4-7d7975de3f70');
INSERT OR IGNORE INTO cocktail_tags (cocktail_id, tag_id) VALUES ('11123', '06d5764c-319d-4891-8c9c-fc479b84541f');
INSERT OR IGNORE INTO cocktail_tags (cocktail_id, tag_id) VALUES ('11123', 'e90731cb-39b0-4d78-abf4-68a1388da9dd');
INSERT OR IGNORE INTO cocktail_tags (cocktail_id, tag_id) VALUES ('11123', '0e6494da-e5cb-49b7-9cd5-4592e306ae12');
INSERT OR IGNORE INTO cocktail_tags (cocktail_id, tag_id) VALUES ('11124', 'b1bb6f40-852a-4f9d-aa9d-a38e73140de3');
INSERT OR IGNORE INTO cocktail_tags (cocktail_id, tag_id) VALUES ('11124', 'e8114d43-07bf-4062-b9c9-1607b45536c0');
INSERT OR IGNORE INTO cocktail_tags (cocktail_id, tag_id) VALUES ('11124', '9af58282-2d19-4979-8c95-fb1ce33adf3a');
INSERT OR IGNORE INTO cocktail_tags (cocktail_id, tag_id) VALUES ('11125', 'bebd0060-9605-4438-ab72-a01a43291fd0');
INSERT OR IGNORE INTO cocktail_tags (cocktail_id, tag_id) VALUES ('11125', '594eec60-8651-4871-911b-b0f67d784139');
INSERT OR IGNORE INTO cocktail_tags (cocktail_id, tag_id) VALUES ('11125', 'e8114d43-07bf-4062-b9c9-1607b45536c0');
INSERT OR IGNORE INTO cocktail_tags (cocktail_id, tag_id) VALUES ('11126', 'b1bb6f40-852a-4f9d-aa9d-a38e73140de3');
INSERT OR IGNORE INTO cocktail_tags (cocktail_id, tag_id) VALUES ('11126', 'e90731cb-39b0-4d78-abf4-68a1388da9dd');
INSERT OR IGNORE INTO cocktail_tags (cocktail_id, tag_id) VALUES ('11126', '4c5d0cdd-9237-4b9e-add4-7d7975de3f70');
INSERT OR IGNORE INTO cocktail_tags (cocktail_id, tag_id) VALUES ('11127', 'b1bb6f40-852a-4f9d-aa9d-a38e73140de3');
INSERT OR IGNORE INTO cocktail_tags (cocktail_id, tag_id) VALUES ('11127', 'e2b58985-87fd-4e97-835d-125842e366bb');
INSERT OR IGNORE INTO cocktail_tags (cocktail_id, tag_id) VALUES ('11127', '700ff9c0-4a01-470d-b8d2-4e1c8b1bce5d');
INSERT OR IGNORE INTO cocktail_tags (cocktail_id, tag_id) VALUES ('11128', 'b1bb6f40-852a-4f9d-aa9d-a38e73140de3');
INSERT OR IGNORE INTO cocktail_tags (cocktail_id, tag_id) VALUES ('11128', '700ff9c0-4a01-470d-b8d2-4e1c8b1bce5d');
INSERT OR IGNORE INTO cocktail_tags (cocktail_id, tag_id) VALUES ('11128', '75a300d5-25f2-4fd2-be01-59e5ccc49ed3');
INSERT OR IGNORE INTO cocktail_tags (cocktail_id, tag_id) VALUES ('11129', 'b1bb6f40-852a-4f9d-aa9d-a38e73140de3');
INSERT OR IGNORE INTO cocktail_tags (cocktail_id, tag_id) VALUES ('11129', 'e74f1f5c-9793-48bf-b192-7f74c85e5ebc');
INSERT OR IGNORE INTO cocktail_tags (cocktail_id, tag_id) VALUES ('11129', '4c5d0cdd-9237-4b9e-add4-7d7975de3f70');
INSERT OR IGNORE INTO cocktail_tags (cocktail_id, tag_id) VALUES ('11130', 'b1bb6f40-852a-4f9d-aa9d-a38e73140de3');
INSERT OR IGNORE INTO cocktail_tags (cocktail_id, tag_id) VALUES ('11130', 'e8114d43-07bf-4062-b9c9-1607b45536c0');
INSERT OR IGNORE INTO cocktail_tags (cocktail_id, tag_id) VALUES ('11130', '21cf0d75-4906-4880-9add-70b2989cda92');
